Recipe_Name,Meal_Type,Calories,Protein_g,Fiber_g,Carbs_g,Fat_g,Instructions
Греческий йогурт,Breakfast,320,20,8,42,8,"Слой 200 г греческого йогурта с 1/2 чашки смешанной ягод, 2 tbsp granola, 1 tbsp chia семена."
Грибный гриб &lt; &lt; Омлет &gt; &gt;,Breakfast,280,24,4,8,18,"Яйца три солью и перцем, шпинат 1 супер и полуслойные грибы, яйцеклетки над овощами и кухонное мясо."
Ночная овсянка с Берри.,Breakfast,340,12,10,52,10,"1/2 чашечного овса, 1 чашечное миндальное молоко, 1 tbsp chia семена, 1/2 чашки ягод, рефрижератор в течение ночи, топ с 1 tbsp миндальное масло."
Авокадо Тост с яйцами,Breakfast,380,18,12,35,22,Тост 2 кусочки цельного хлеба. 1/2 авокадо с лимонным соком. 2 браконьерские яйца и вишневые помидоры.
Кубок протеиновых смути,Breakfast,350,28,9,45,8,"Порошок из протеина, 1 банан, 1/2 чашки ягод, 1 чашечку шпината, 1 чашечку миндаля, топ с гранолой и семенами."
Кубок квиноа Завтрак,Breakfast,365,14,8,54,11,"Приготовить 1/2 чашечного квиноа. 1/4 чашки черники, 2 тбсп миндаля, корицу и 1 тбсп кленовый сироп."
Скремблированный тофу с овощами,Breakfast,290,22,7,18,16,"Крошка 200 г твёрдого тофу, суте со смешанными овощами, турмерными, питательными дрожжами, солью и перцем."
Коттедж Сырные Блинчики,Breakfast,310,26,5,32,8,"Квартира на сковородке, яичница, яичница."
Чиа Пудинг с миндалями,Breakfast,285,11,12,32,14,"Смешать 3 тбсп-чии с 1 чашечным миндальным молоком, 1 tsp ванилью, рефрижератор 4 часа, сверху 2 тбс нарезать миндаль."
Смоглый сальмоновый бейгель,Breakfast,420,28,6,48,14,"Тост один цельный бублик с зерном, два тбсп с сыром из легких кремов, с тремя оз курящими лосося, каперсами и красным луком."
Банановые блинчики с протеином,Breakfast,340,22,6,42,10,"Банан 1 с 2 яйцами и 1 протеиновым порошком, блинчики с кучей блины, сверху с 1 tbsp арахисовым маслом."
Вегги Яйца Маффины,Breakfast,195,16,3,8,11,"6 яиц с перцем из колокольчика, луком, шпинатом."
Тост на масле миндаля,Breakfast,310,12,8,38,16,"Тост 2 кусочки цельного хлеба, 2 тбс миндального масла, сверху с нарезанным бананом и семенами чии."
Высокопротеиновые вафли,Breakfast,380,26,7,44,12,"Смешать 1 белковый порошок, 2 яйца, 1/2 чашки овса, 1 чашечное молоко, повар в вафле, топ с греческим йогуртом."
Яблочная овсянка с корицей,Breakfast,295,10,9,52,7,"Приготовить 1/2 чашки овса с водой, добавить яблоко, корицу, грецкие орехи и мёд."
Завтрак Буррито,Breakfast,410,24,8,42,18,"Наполните целую пшеницу яичницей, чёрной фасолью, сальсой и сыром 2 тбсп."
Арахисовое масло Банана Смути,Breakfast,380,18,8,48,16,"Бленд 1 банан, 2 тбс-самого арахисового масла, 1 чашечное молоко, 1/2 чашки овса, 1 тбсп-флакс семян, лед."
Вишневые кексы с протеином,Breakfast,220,12,5,28,8,"Смешать протеиновый порошок, овсяную муку, яйца, ягоды, греческий йогурт."
Шаксхука,Breakfast,310,18,6,24,16,"Симмерные помидоры, перцы, лук, специи, колодцы и крэк-яйцеклетки, обувь и готовка до тех пор, пока яйцеклетки не будут готовы."
Горловина с печкой,Breakfast,280,11,8,48,6,"Приготовить 1/2 чашечного печенья с миндальным молоком, сверху с ягодами, корицей и 1 тбс с семенами конопля."
Завтрак с сосиской индейки,Breakfast,320,28,3,12,18,Приготовить 2 сосиски с индейкой.
Кубок кокосового мяса,Breakfast,295,9,11,36,14,"Смешать с кокосовым молоком 3 тбсп чия, с манго, с измельченным кокосом и 1 тбс миндальным миндом."
Французский тост,Breakfast,350,24,6,42,11,"Два куска целых хлеба в смеси из двух яиц и одного белкового порошка, повара и сверху с ягодами."
Зеленый смузи,Breakfast,265,14,9,38,8,"2 чашки шпинат, 1 банан, 1/2 авокадо, 1 протеиновый порошок, 1 миндальное молоко, лед."
Завтрак квиноа с Натсом,Breakfast,345,13,8,48,12,"Кухонная квиноа в миндальном молоке, топ с смешанными орехами, сушеными фруктами, корицей и мёдом."
Яйцеклетка белого цвета,Breakfast,290,26,7,32,6,"Заполните целую пшеницу яичными белками, шпинатом, помидорами и сальсой."
Рикотта Берри Кубок,Breakfast,305,18,7,35,11,"Смешать 1 чашку с ванилью, топ с смешанными ягодами, 1 tbsp мёдом и 2 tbsp granola."
Завтрак,Breakfast,340,16,8,28,18,"Смешать шпинат, арулу, вишневые помидоры, огурчик, с двумя браконьерскими яйцами, авокадо и уксусом."
Печенье для печенья белковой овсянки,Breakfast,280,14,6,36,10,"Овсянка, протеиновый порошок, банан с пюре, миндальное масло, темные шоколадные чипсы."
Сладкий картофельный хэш,Breakfast,315,14,9,44,11,"Кубки и жареные 1 сладкий картофель с перцем, луком и сосиской индейки, с одним жареным яйцом."
"Завтрак ""Чиа барс""",Breakfast,245,10,10,28,11,"Смешать семена чии, овсянка, ореховое масло, мед, сушеные фрукты, надавить на сковороду, охладить и разрезать на бары."
Завтрак Лентила,Breakfast,330,18,12,48,8,"Кулинарная красная чечевица, топ с овощами, одно браконьерское яйцо и тахини дрожат."
Крепления протеина,Breakfast,295,22,4,32,10,"2 яйца, 1 протеиновый порошок, 1/4 чашечного молока, кулинарный крем, греческий йогурт и ягоды."
Завтрак,Breakfast,310,14,11,46,9,"Горячие цыплята со специями, подавайте целые зерновые тосты, авокадо и вишневые помидоры."
Кефир Смути Кубок,Breakfast,285,16,7,40,8,"Кружить 1 чашку кефира с замороженными ягодами, сверху с гранолой, семенами чии и нарезанным миндалем."
Вегги Скрамбл,Breakfast,265,20,6,14,14,"Яичница с 3 яйцами с обрезанными овощами (пепперы, лук, помидоры, шпинат). Сезон с травами."
Завтрак с перецом,Breakfast,290,18,6,26,14,"Перец из колокольчика, яичницу, чёрную фасоль и сыр, бейк на 375 градусов на 15 минут."
Церковный кубик с высоким содержанием жира,Breakfast,310,12,14,56,6,"Подавайте 1,5 чашки хлопьев с высоким содержанием жира с 1 чашечным молоком, 1/2 банана и 1 tbsp flax."
Завтрак лосося,Breakfast,395,32,5,28,18,"Служите 4 оз, жареный лосося с квиноа, соленой капустой и 1 браконьерское яйцо."
Завтрак тако,Breakfast,325,20,7,34,14,"Наполните кукурузные тортильи яичницами, черной фасолью, сальсой, авокадо и цилантро."
Муесли с йогуртом,Breakfast,335,15,9,48,10,"Смешать сырую овсянку, орехи, семена, сушеные фрукты, служить с греческим йогуртом и свежими ягодами."
Протеиновый банановый хлеб,Breakfast,255,14,5,32,9,"Запечь банановый хлеб протеиновым порошком, целую пшеничную муку, яйца, пюре, грецкие орехи."
Завтрак Будда Кубок,Breakfast,385,20,11,46,16,"Комбин квиноа, жареный сладкий картофель, соленый капуста, цыпленок, авокадо и тахини."
Коттедж Сырный Кубок,Breakfast,275,24,6,28,8,"Топ 1 чашечный сыр с ананасом, 2 тбс-гранола и 1 тбс-с семенами конопля."
Овсянка овсянка,Breakfast,320,16,8,42,12,"Куковая овсянка в овощном бульоне, топ с осушёнными грибами, шпинатом, одним браконьерским яйцом и пармезаном."
Завтрак Суши,Breakfast,340,18,8,44,12,"Распределить арахисовое масло на целую тортиль, добавить банан, ягоды, гранолу, рулет и кусочек."
Яблочный пирог,Breakfast,305,16,9,46,8,"Бленд 1 яблоко, 1 чашка греческого йогурта, 1/2 чашки овса, корица, 1 tbsp миндальное масло, лед, молоко."
Яйцо и Вегги Завтрак,Breakfast,295,19,7,24,15,"Горячие овощи. 2 жареных яйца, 1/4 авокадо и горячий соус."
Протеиновые попугаи,Breakfast,235,16,4,28,8,"Смешать протеиновый порошок, овсяную муку, яйца, греческий йогурт, ваниль."
Завтрак кускус,Breakfast,315,12,7,52,8,"Кукурузный кусочек в миндальном молоке, топ с корицей, сушеными абрикосами, фисташками и медом."
Выкуренный макреловый тост,Breakfast,365,26,6,32,16,"Тост с зерновым хлебом, толстым и лимонным соком."
Жареный куриный салат,Lunch,380,42,8,28,12,"Гриль 6 оз, куриная грудка, зелень с вишневыми помидорами, огурчиком, цыпленком, бальзамической винаигреттой."
Кубок Куиноа Будда,Lunch,420,18,12,58,14,"Комбинат готовил квиноа, жареные овощи, цыплята, тахини и смешанные зеленые продукты."
Турция и Авокадо,Lunch,395,32,10,38,16,"Наполните целую пшеницу грудкой из индейки, авокадо, салатом, томатом, горчицей."
Суп из лентила,Lunch,315,18,14,52,4,"Симмер красный чечевица с морковью, сельдерей, луком, овощным бульоном, камином и турмерикой."
Кубок с салатом тунца,Lunch,340,36,7,28,10,"5 оз консервированный тунец с греческим йогуртом, сельдерей, луком."
Средиземноморский кубик цыпленка,Lunch,385,14,13,56,12,"Комбинированные цыпочки, огурцы, помидоры, красный лук, фета, оливки, лимонно-оливковое масло."
Жареный салмон с овощами,Lunch,410,38,8,24,20,"Гриль 6 оз лосося с жареным брокколи, колокольчиком и квиноа."
Куриный пирог,Lunch,395,36,7,42,10,"Стир-фри 5 оз курица со смешанными овощами, чесноком, имбирем, соевым соусом с низким содержанием содия."
Кубок Черного Боба Буррито,Lunch,425,20,16,64,12,"Коричневый рис, чёрная фасоль, кукуруза, сальса, салат, 2 тбсп сыр, 1/4 авокадо."
Caprese Salad с курицей,Lunch,365,34,4,18,20,"Слизь 5 оз, жареная курица, помидоры, свежая моцарелла."
Вегги и Гуммус,Lunch,355,14,12,52,12,"Добавьте огурцы, морковь, перец колокольчика, шпинат, ростки."
Креветка и салат Авокадо,Lunch,320,32,9,20,14,"Бросай 6 оз жареных креветок со смешанными зелеными, авокадо, вишневыми помидорами, лайм-винаигретт."
Турция Чили,Lunch,380,34,12,38,10,"Кулинарная индейка с фасолью, помидорами, колокольчиком, луком, специями чили."
Куриный салат &quot; Цезарь &quot; (просвещенный),Lunch,340,38,6,22,12,"Тосс Ромен Латук с 6 оз жареной курицей, легкая одеяла Цезаря, 2 tbsp parmesan, целые крутоны зерна."
Вегги Бургер с сладким картофелем,Lunch,405,18,14,58,14,"Гриль-вегги-бургер, подавай целую хлебную булочку с латуком, помидором, кусок печеного сладкого картофеля."
Лосковый кубик,Lunch,445,36,6,46,16,"Коричневый рис, 5 оз сырой лосося кубики, эдамама, огурцы, авокадо, водоросли, соевые сажи."
Минетроновый суп,Lunch,285,14,11,46,6,"Симмерские бобы, макароны, помидоры, цуккини, морковь, сельдерей, растительный бульон, итальянские травы."
Жареная куриная Пита,Lunch,375,34,8,42,10,"Наполните целую пшеничную питу жареной курицей, хумусом, огурчиком, помидорами, салатом, тахини."
Тофу Шрамбл Упаковка,Lunch,345,22,9,38,14,Наполните целую пшеницу тофу и авокадо.
Куриный и растительный суп,Lunch,265,28,6,26,6,"Симмерская куриная грудка, морковь, сельдерей, лук, цуккини в курином бульоне с низким содержанием содия с травами."
Фалафельный кубик,Lunch,415,16,13,58,15,"4 фалафельных шарика над квиноа со смешанными зелеными огурцами, помидорами, соусом тахини."
Яйцеклетки для салата салата,Lunch,245,18,4,12,16,"Маш 3 яйцеклетки с греческим йогуртом, горчицей, кусочком сельдерея."
Кубок курицы Teryaki,Lunch,425,38,5,52,10,Подавайте 6 оз терияки курицу на коричневом рисе с паряными брокколи и морковью.
Оплодотворимый карри с цыплятами,Lunch,370,14,12,56,10,"Симмер цыпочки, цветная капуста, шпинат, помидоры в соусе карри."
Греческий салат с жареной курицей,Lunch,355,36,6,22,16,"Комбин Ромен, огурцы, помидоры, оливки, фета, 5 оз, жареная курица, перевязка лимонно-орегано."
Код с овощами,Lunch,315,34,7,28,6,Помогите с жареными брюссельскими капустами и сладким картофелем.
"Турецкие тефтельки с ""Зудлс""",Lunch,340,32,8,24,14,"Бейк индейки, зуккини с маринарским соусом и 1 tbsp parmesan."
Азиатский куриный салат,Lunch,365,34,7,32,12,"Бросай капустку, морковь, эдамаму, 5 оз жареную курицу с имбирной сезамой и нарезанный миндаль."
Засунутые перецом колокольчики,Lunch,355,26,9,42,10,"Наполните перец колокольчика индейкой, коричневым рисом, черной фасолью, сальсой."
Куриный суп из лапши,Lunch,295,24,4,36,7,"Курица Симмер, лапша для пшеницы, морковь, сельдерей, лук в курином бульоне с травами."
Лосося и спаржи,Lunch,385,36,6,22,20,"Гриль 6 оз лосося и спаржу, с квиноа и лимонным клином."
Лентил и оплодотворяемый стейт,Lunch,325,16,14,52,6,"Симмер чечевица, морковь, сельдерей, помидоры, шпинат, овощной бульон, тмин, паприка."
Кубок курицы Фаджита,Lunch,395,36,9,44,12,Сальса и 1/4 авокадо подают коричневый рис.
Tuna Nisoise Salad,Lunch,365,32,8,26,16,"Приготовить смешанные зелени, 5 оз тунца, яйцеклетки, зелёные бобы, помидоры, оливки, винайгретта."
Вегги Стир-Фрай с Тофу,Lunch,340,20,8,38,14,"Тофу с брокколи, колокольчиком, горохом, чесноком, имбирем."
Цыпленок и салат квиноа,Lunch,385,34,8,42,12,"Микс квиноа, жареная курица, огурчик, помидоры, фета, лимонно-гербовое одеяло."
Гриб и суп Барли,Lunch,275,12,10,48,5,"Симмер ячмень, грибы, морковь, сельдерей, лук, тимм в овощном бульоне."
Турецкая и шпинатная лента,Lunch,345,30,8,38,10,"Наполните целую пшеницу индейкой, свежим шпинатом, помидорами, хумусом, огурцом."
Кубок курицы &lt; &lt; Энчилада &gt; &gt;,Lunch,415,32,10,48,14,"Коричневый слоем рис, измельченная курица, черные бобы, кукуруза, соус энчилады, 2 тбсп сыр, цилантро."
Жареный Tilapia Tacos,Lunch,365,32,9,42,10,"Гриль тилапия, подают кукурузные тортильи с капустой, авокадо, лайм кремом."
Спинах и салат с фетой,Lunch,305,16,6,24,18,"Бросай шпинат с клубникой, грецкими орехами, фетой, жареной курицей, бальзамической винаигреттой."
Говядина и говядина,Lunch,395,32,6,38,16,"Говядина из жареной говядины с брокколи, перецом колокольчика, горохом."
Куриный кубик Шаварма,Lunch,405,38,8,42,12,"Подавать сладкую курицу на рис с огурчиком, помидорами, огурцами, соусом тахини."
Белый боб и суп Kale,Lunch,295,16,12,44,6,"Симмерские белые бобы, капуста, морковь, сельдерей, чеснок, овощной бульон, итальянские травы."
Салат &lt; &lt; Заморозок тунца &gt; &gt;,Lunch,375,38,6,26,14,"6 оз тунцовый стейк, подавайте зеленые блюда с эдамамой, огурчиком, сезам-пингером."
Цыпленок Гиро,Lunch,395,36,7,42,12,"Наполните целую пшеничную питу жареной курицей, помидорами, огурчиком, красным луком, соусом ццики."
Вегетарианская лазанья,Lunch,385,22,9,44,14,"Слойная лазанья с лазаньей с рикоттой, шпинатом, цуккини, маринарой, моцареллой."
Креветочные такосы,Lunch,345,28,8,42,10,"Горячие креветки со специями, подают кукурузные тортильи с капустой, авокадо, лаймом."
BBQ Куриный салат,Lunch,375,36,7,38,10,"Верхние зеленые с курицей BBQ, кукурузой, черной фасолью, помидорами, красным луком, повязкой на ранчо."
Надувные лодки &lt; &lt; Цучини &gt; &gt;,Lunch,315,24,8,28,12,"Холлоу цуккини половинки, наполните индейкой, квиноа, помидорами, итальянскими травами."
Куриный тортильный суп,Lunch,325,28,8,36,8,"Курица Симмер, черная фасоль, кукуруза, помидоры, перец в бульоне, сверху с тортильными полосками и авокадо."
Кубок суши,Lunch,395,24,6,58,8,"Рис, огурцы, авокадо, эдамама, крабовая палочка или приготовленные креветки, водоросли, соевый соус."
Цыпленок из тайского арахиса,Lunch,425,38,7,42,16,"Жареный цыпленок с овощами в арахисовом соусе, подают коричневый рис или рисовую лапшу."
Завтрак кубка яиц & Spinach,Breakfast,310,24,6,20,16,"Оливковое масло - 2 чашки с шпинатом, яйцеклетка - 2 яица и поместите на шпинат, добавьте вишневые помидоры и соль, перец и хлопья чили."
Огурцы из стали с грецкими орехами,Breakfast,330,10,8,50,12,"Приготовить 1/2 чашечного овсянка из стали. 1 tbsp с кленовым сиропом, 2 tbsp отрезанных грецких ореха, нарезанное яблоко и щепотку корицы."
Греческий йогурт с Дорогой и Гранола,Breakfast,305,18,3,42,8,"Спун 200 г, полный греческий йогурт, в миску. 1 тс мёд, 3 тбс гранола, и разбрасывание горстки гранатовых семян."
Разбитый Авокадо на Рая,Breakfast,360,12,14,36,20,"Тост 2 кусочки ржаного хлеба. 1 авокадо с лимонным соком, чесночным порошком, солью."
Спинах Фета Омлет,Breakfast,295,26,4,6,18,"Отбивайте 3 яйца солью и перцем. 1 чашечку шпината, добавьте яичную смесь, посыпайте 2 тбс с крошечной фетой."
Манго Чиа Вечерние Овцы,Breakfast,340,12,10,52,9,"Сочетание 1/2 чашечного овсянка, 1 чашечное кокосовое молоко, 2 тбсп семян чии, рефрижератор за ночь, сверху с манго и измельченным кокосом."
"Куриные яйцеклетки, скремблированные солнечным слоем",Breakfast,320,28,1,6,20,"Спрячьте 3 яйца с маслом, поставьте в 2 оз куримого лосося, 1 тбспли с сыром и свежие щебеньки."
Тост Рикотты с инжиром,Breakfast,350,16,5,46,12,"Тост 2 толстых кусочков кислое. 3 tbsp ricotta, 2 нарезанных свежих инжира, 1 tsp мед и раздробленные фисташки."
Яйцеклетки Зуккини,Breakfast,275,20,4,18,14,"1 цуккини, выжимаю жидкость, смешаю с 2 яйцами, 2 тбсп муки, соли, перца, дурь в оливковом масле до золотых."
Блинчики с миндом Флаур Банана,Breakfast,360,14,6,42,16,"Смешать 1 чашечку миндальной муки, 2 яйца, 1 банан с пюре, 1/2 тсп порошок, повар на сковородке без палочки, служить свежими ягодами."
Квиноа Корридж с черникой,Breakfast,315,14,7,50,8,"Приготовить 1/2 чашечного квиноа в 1 чаше миндальное молоко, сладкий с 1 tsp мёдом, сверху с 1/2 чашечной черникой и нарезанным миндалем."
Сладкий картофельный хэш,Breakfast,330,14,8,44,12,"Кости 1 со средним сладким картофелем и кухня в масле до хрустящей, добавьте перец колокольчика, лук и два жареных яйца. Сезон с копченой паприкой."
Черничный протеин,Breakfast,320,28,7,38,6,"Бленд 1 чашка замороженной черники, 1 ванильный протеиновый порошок, 1 tbsp миндальное масло, 1 чашка сладкого миндального молока и лед."
Коттедж Сыр с Персиками,Breakfast,250,22,3,28,4,"Выпить 1 стакан сыра с низким содержанием жира в миску, топ с 1 нарезанным персиковым персиковым персиковым мёдом и посыпкой гранолы."
Яйцеклетки с Турцией и Вегом,Breakfast,220,22,3,6,12,"Яичница 6 яиц, индейка из 2 оз, перец колокольчика, шпинат, яйцеклетка из кексов, бейк на 375Ф в течение 18 минут."
Даты грецких орехов: энергетические шары,Breakfast,280,8,6,36,14,"1 чашка ""Меджул"", 1 грецкий орех, 2 тбсп какао-порошка, соль в пищевом переработчике."
Сливочный авокадо,Breakfast,310,12,10,34,16,"Бленд 1/2 авокадо, 1 банан, 1 чашечный шпинат, 1 чашечное овсяное молоко, 1 tbsp семена чии и лёд до гладкого."
Яйца на квиноа,Breakfast,355,24,6,38,12,"Приготовить 1/2 чашечного квиноа, яичницу 2 яичницу, поместить яйца на квиноа с соусом, вишневыми помидорами и соусом горячего соуса."
"Банановый грецкий орех, пропитанный овсянкой",Breakfast,370,12,8,54,13,"Смешать 1 чашечную овсянку, 1 пюре, 1 яйцо, 1 кубическое молоко, 2 грецких ореха, корицу и 1 кусочек меда."
Tofu Veggie Scramble,Breakfast,280,22,6,18,15,"Крошка 200 г твёрдого тофу, сауте с накрашенным красным перцем, цуккини, турмериком, тмином, солью, сверху с свежим цилантро."
Бирчер Муесли,Breakfast,345,14,9,52,10,"1/2 чашки овса, 1 овсяное молоко, 1 яблоко с грациозным яблоком, 1 tbsp мёд, охладитель на ночь, сверху с смешанными ягодами."
Кора йогурта с ягодицами,Breakfast,230,16,4,28,7,"Распределить 2 чашки греческого йогурта на лоток с пергаментом, сверху со смешанными ягодами, гранолой и медом, замерзнуть 3 часа, разбить на куски."
Полнозернистые вафли с клубникой,Breakfast,375,16,7,52,12,"Смешать вафельное вафельное вафельное вафельное утварь, смазать кухонной клубникой, греческим йогуртом и кленовым сиропом."
Кубки сальмоновых яиц,Breakfast,260,26,2,4,15,"Линейные кексы с копченым лосося, яйцо по 1 яйцо в каждый, добавить сыр с кремом и щебень, бейк на 375F в течение 12-15 минут."
Кубок киви протеина,Breakfast,295,24,8,36,6,"Порошок из протеинового порошка, 1 кефир, 1 тбс-сфлакс с семенами, поливайте в миску, топ с киви и мятными листьями."
Завтрак черного фасоли,Breakfast,400,22,12,50,14,"Тёплая тортилья с теплым сердечником, наполните пол- чашки чёрной фасолью, 2 яичницами, кусочками авокадо, сальсой и цилантро."
Шоколадное масло из арахиса,Breakfast,390,16,8,52,14,"Приготовить 1/2 чашечного овсянка. 1 tbsp арахисовое масло, 1 tbsp какао-порошок, 1 tsp мёд с банановыми кусками и какао-закусками."
Локс и Крем с сыром рисовые пирожные,Breakfast,295,20,2,30,10,"Распределить 3 рисовых пирога с 2 тбс-сливным сыром, с 2 оз-локсами, кеперсами, тонкими кусочками огурцов и кусочками."
Кислородный коктейль &lt; &lt; Корица &gt; &gt;,Breakfast,330,10,8,54,8,"Приготовить 1/2 чашечного овса в молоке. Добавить 2 тбсп изюма, 1/2 тсп корицы, 1 тбсп меда и кусок миндального масла."
Солнечный масло и банановый тост,Breakfast,340,12,7,44,14,"Тост два кусочка хлеба. Распределить 2 тбсф подсолнечника. Наверху с нарезанным бананом, семенами чии и медом."
Акай Смути Кубок,Breakfast,365,14,10,50,12,"1 замороженная пачка акаи, 1 банан, 1/2 чашки смешанной ягод, 1/2 чашки миндального молока, поливайте в миску, топ с гранолой, кокосовыми хлопьями, семенами."
Сырные тосты из печенья,Breakfast,285,22,6,28,8,"Тост 2 целых кусочков с кусочками, толстым сыром, свежими щебнями, кремом, чёрным перцем и огурцом."
Мелон Минт Смути,Breakfast,220,10,5,38,3,"2 чашки медовой дыни, 1/2 чашки греческого йогурта, свежие мятные листья, лаймовый сок и лед до гладкого."
Суп из лентила,Lunch,360,22,16,52,6,"Сауте лук, морковь, сельдерей в оливковом масле, добавить 1 чечевицу, обрезанные помидоры, 4 стакана растительного бульона, тмин, кориандер, Симмер 30 минут."
Tuna Nicoise Salad,Lunch,400,38,8,24,18,"Приготовить зеленые, 5 оз тунца, яйцо с кипящими яйцом, зеленые бобы, помидоры, оливки и каперсы."
Обжаренная растительная лента,Lunch,370,14,10,50,14,"Жареный цуккини, красный перец, баклажаны с оливковым маслом и травами, наполните целую ветчину жареным овощом, хумусом и детским шпинатом."
Минетроновый суп,Lunch,330,16,14,46,8,"Сауте лук, чеснок, морковь, сельдерей, консервированные помидоры, почки, цуккини, макароны и овощной бульон."
Кубок с солевым слоем,Lunch,420,32,8,44,14,"Наверху с огурецом, авокадо, эдамамой, 4 оз курил лосося и одеялом лимон-тахини."
Турецкий авокадо-клуб,Lunch,445,38,8,38,18,"Слой 3 оз нарезает индейку, авокадо, салат, помидор и горчицу Дижон между двумя кусками цельного хлеба."
Цезарь с курицей,Lunch,415,38,5,36,16,"Тосс Ромен с кесаревом, повязка с цыпленком из 4 оз, бритым пармезаном и тортильей из печенья."
Средиземноморский фалафельный кубок,Lunch,425,18,14,55,16,"Подай 4 печеных фалафела на квиноа с обрезанным огурчиком, томатом, красным луком, оливками каламаты и соусом тахини."
Тако с черной фасолью,Lunch,390,18,14,52,12,"Теплые кукурузные тортильи, наполняемые черными бобами, измельченной капустой, сальсой манго, авокадо кремой и сок из извести."
Лапша из лапши Зуккини,Lunch,310,24,8,22,16,"Спирализировать 2 цуккини, жарить с тофу, брокколи, горох в сезамом масле и соевый соус, сверху с кезамными семенами."
Азиатский куриный салат,Lunch,365,35,6,24,15,"Бросьте измельченную куриную грудку, измельченную капустку, эдамаму, изрезанную морковку, с перевязкой сезам-пингером."
Split Pea Sup,Lunch,340,22,14,50,6,"Лук из сауте, чеснок, морковь, кусок гороха, 5 кубиков растительного бульона, сушеный тим, соль, перец. 45 минут до крема."
Каприз Панини,Lunch,390,22,4,42,16,"Нажмите свежую моцареллу, нарезанный томат и свежий базил между хлебом Циабатты."
Салат креветок Avocado,Lunch,355,30,8,20,18,"6 оз готовила креветки, авокадо, помидоры вишни, кукуруза, красный лук и цилантро с лаймовым соком и оливковым маслом."
Скрипка для цыплят,Lunch,390,18,12,52,14,"Сезонные цыплята с цыпочками, паприка, чеснок, жареный пирожок до хрустящей, наполни целую ветреную оболочку цыпленками, шпинатом, ццики и помидорами."
Кубок лапши Soba,Lunch,380,20,6,54,10,"Лапша для собы, огурчик, измельченная морковь, эдамама, зеленый лук и сезам-соя, топ с семенами кесарева сезама."
Газпачо с крестиком,Lunch,280,8,6,38,10,"Помидоры, огурцы, красный перец, чеснок, уксус красного вина, оливковое масло."
Греческая куриная пита,Lunch,425,40,5,38,14,"Горячая маринованная куриная грудка, в пите с ццики, томатом, огурчиком, красным луком и ромуном."
Суп из супа с кашлями,Lunch,285,8,8,46,8,"Горячий мясной орех, обжаренный луком, чеснок, овощной бульон и кокосовое молоко, сезон с орехом и имбирем."
Эдамам Пок Боул,Lunch,415,26,10,52,12,"Кухонный суши-рис с эдамамой, огурчиком, измельченной морковью, авокадо, нори, и сухим слоем понзу и срача майо."
Сэндвич с лимонным тунцом,Lunch,380,36,6,36,12,"Смешать 4 оз тунца с лимонным соком, сельдереем, дилером, горчицей Дижона и светлым майо."
Вегги Гуммус Флатбрейд,Lunch,355,16,10,46,12,"Распределить 3 тбс хумуса на цельный теплый плоский хлеб, топ с нарезанным огурчиком, вишневыми помидорами, красным луком, оливками и крошечной фетой."
Сладкий картофель и цыпленок,Lunch,395,16,12,56,12,"Добавьте сладкий картофель, цыпленок, карри, кокосовое молоко и бульон."
Салат из стейка аругулы,Lunch,420,38,5,18,24,"Добавьте бритый пармезан, вишневые помидоры и лимонно-бальзамическую перевязку."
Куриный суп из лапши,Lunch,350,30,4,38,8,"Симмерская куриная грудка в бульоне с морковью, сельдереем, луком, лапшой, тимом и петрушкой."
Кале кесарево салат с курицей,Lunch,390,38,6,22,20,"Массаж 3 чашки капусты с лимоном, переодевание Цезаря, 4 оз-гриль цыпленка, бритый пармезан и целлозерные крутоны."
Марокканский Лентил Стью,Lunch,370,22,16,50,8,"Приготовить красные чечевицы с консервированными помидорами, специями (кум, кориандером, корицей, турмерикой), овощным бульоном."
Teryaki Salmon Rais Coble,Lunch,450,36,4,48,14,"Почистить 4 оз лосося соусом терияки и печеньем, поить жареным рисом с маринованным рыжем, эдамамом и кезамными семенами."
Свекла и салат из козьего сыра,Lunch,340,16,8,32,18,"Размещайте зеленые зеленые с козьим сыром, орехами с консервами и орехами с бальсами и апельсиновым одеялом."
Суп &lt; &lt; Индейка кале &gt; &gt;,Lunch,310,28,8,28,8,"Симмерская индейка с капустой, белой фасолью, помидорами, куриным бульоном, чесноком, итальянским приправой."
Сэндвич с яйцом авокадо,Lunch,400,24,10,34,20,"Маш 2 яйцеклетки с 1/2 авокадо, горчица Дижон, лимонный сок, дил."
Кубок с огурцами из суши,Lunch,360,18,6,50,10,"Кухонный суши-рис с огурцовыми полосками, авокадо, креветками, кусочками сезам и соевыми пеленками."
Красный Пеппер Лентил Даль,Lunch,375,20,14,52,8,"Сауте лук, чеснок, красный перец, красный чечевица, кокосовое молоко, овощной бульон, гарам-масала. Симмер 20 минут."
Жареная курица с жареными овощами,Dinner,430,42,8,28,16,"Маринат цыпленок в лимоне, чесноке, травах, гриле до готовки, жареный цуккини, колокольный перец, красный лук с оливковым маслом при 400F в течение 25 минут."
Запеченный спаржами соленый сальмон,Dinner,390,40,5,12,22,"Положите филе из лосося на пекущую простыню, окружите спаржу, оливковое масло, лимон, чеснок, бейк на 400F в течение 18 минут."
Говядина Стир-Фрай с Брокколи,Dinner,420,38,8,30,18,"Кислое мясо, жареное масло с брокколи, горох, колокольчик, чеснок, имбирь, соевый соус, устричный соус, рис."
Засунутые перецом колокольчики,Dinner,385,28,10,40,14,"Перец из стручковых колокольчиков, стручковая индейка, рис, помидоры, чёрная фасоль, специи, пекарь при температуре 375F в течение 35 минут."
Креветочные такосы,Dinner,400,30,8,44,14,"Сезонные креветки с кремом, чили, чесноком, жареным черепахой 2 минуты, подают в кукурузных тортильях с измельченной капустой, авокадо и майо с чипотлом."
Цыпленок Тикка Масала,Dinner,450,40,5,38,16,"Маринат цыпленок в йогурте и специях, затем гриль в томатном соусе с гарам-масалой, имбирем, чесноком."
Лемон Херб Код,Dinner,320,36,4,18,10,"Сезонная треска с лимоном, петухом, чесноком, оливковым маслом, печеньем при 400F в течение 15 мин. Служите с паряной зеленой фасолью и диким рисом."
Говядина и говядина,Dinner,440,35,10,38,16,"Коричневые кубики говядины, с картофелем, морковью, луком, сельдерей в говяжьем бульоне с тиме и розмари до нежного состояния."
Турецкие тефтельки с лапшой Цучини,Dinner,370,38,6,20,16,"Сделайте фрикадельки с травами и печеньем, спирализуйте цуккини, подавайте фрикадельки над лапшой цуккини с соусом маринары."
Вегги Чили,Dinner,355,20,18,52,8,"Сауте лук, перец, чеснок, почечная фасоль, чёрная фасоль, помидоры, кукуруза, порошок чили, тмин, паприка."
Запеченные цыплята с сладким картофелем,Dinner,470,38,8,44,18,Сезонные куриные бедра с травами и лимоном.
Пансионный тунец с Квиноа,Dinner,420,46,8,36,12,"Огурчик ахи тунец 90 секунд в секунду с каждой стороны, перерезать приготовленную квиноа с эдамамой, огурчиком и сезам-соем."
Эггплант Пармезан,Dinner,390,22,10,42,18,Хлеб и испечь баклажаны на уровне 400F. Слой с маринарой и моцареллой.
Чеснок с креветочным маслом,Dinner,445,32,4,50,16,"Креветки в чесночном масле, вишнёвый лингвин, вишни, шпинат, белое вино, лимонный сок."
Тайский зеленый карри,Dinner,420,30,6,40,18,"Зеленая карри в кокосовом масле, цыпленок, горох, колокольчик, цуккини, кокосовое молоко."
Ягненок Кофтас с Таббуле,Dinner,460,36,8,36,22,"Смешать ягненка со специями, превратиться в кофта, гриль, служить с булгурским табуле, огурцем, томатом и соусом мятного йогурта."
Лосось Терияки,Dinner,430,38,3,34,18,"Глазный лосось с соусом терияки, печенье или сухое мясо 5 минут с каждой стороны, подают с паровым брокколи и коричневым рисом."
Жареный рис с цветной капустой,Dinner,320,20,8,30,14,"Пульс каульчатый цветок в рисовые кусочки, жареный фри с яйцами, эдамамой, соевым соусом, имбирем, чесноком, зеленым луком."
Цыпленок Сувлаки с Цацики,Dinner,410,42,4,28,16,"Маринат цыпленок в лимоне, оливковом масле, орегано, чеснок, чеснок, курица на скверах, гриль, теплый пита и соус цццики."
Код с лимонным соусом,Dinner,310,36,3,18,10,"Пирожная треска на 400F в течение 15 минут, топ с соусом с маслом, каперсами, лимонным соком, чесноком и петрушкой, подают с жареной спаржей."
Грибный рисотто,Dinner,410,16,5,58,14,"Тост arborio рис. Добавьте теплый бульон на лягушачок, помещайте в соленые грибы, пармезан, масло и тим."
Турецкие болоньезы,Dinner,430,36,6,44,14,"Коричневая индейка с луком, чесноком, морковью, раздавленными помидорами, красным вином, травами Симмер 30 минут."
Опечатанные кавычки с пиа-пури,Dinner,360,34,8,22,14,"Сухопатовые гребешки, по 2 мин. с каждой стороны масла, подают гладкую гороховую чистку с лимонными зефирами и микрозелеными."
Цыпленок и овощные кебабы,Dinner,380,40,7,24,14,"Куриная грудка из кубика, ножница с колокольчиком, цуккини, красный лук, травяной маринад и гриль."
Однопановый салмон и зеленый,Dinner,400,38,8,22,20,"Кладите капусту, белую фасоль, чеснок, вишнёвые помидоры с белым вином и испечьте 12 минут."
Говядина Фаджитас,Dinner,460,38,8,42,18,"Сезонный стейк с фахитными специями, гриль и кусочек, подают с осушённым перцем и луком в тортильях с печеньем."
Лентил и Спинах Дал,Dinner,350,22,16,48,8,"Приготовить красный чечевицу с чесноком, имбирем и помидорами, добавить шпинат и кокосовое молоко."
Милый чеснок цыпленок,Dinner,420,40,4,36,14,"Добавьте мёд, чеснок, соевый соевый соус, поджарьте в духовке с паровым рисом и брокколи."
Запеченная радужная тропа,Dinner,350,40,4,10,18,"Площадь форели с лимонными кусочками, кусочками, чеснок чеснока, щетка с оливковым маслом, опека при 400F в течение 22 минут, подача жареного картофеля."
Тофу Пад Тай,Dinner,440,24,6,58,14,"Лапша для риса, картошка с твердым тофу, яйца, фасоль, зеленый лук в соусе из тамаринд-соя, топ с раздробленным арахисом."
Куриный кубик Шаварма,Dinner,450,42,6,40,16,"Маринат цыпленок в савармских специях, жареный или гриль, обрезать рис томатом, огурчиком, маринованным луком и чесноком."
Запеченный мясной рулет &lt; &lt; Индейка &gt; &gt;,Dinner,420,38,4,28,18,"Смешать индейку с овсом, яйцом, луком, соусом Ворстершира, кетчупом, печеньем на 375F в течение 50 минут."
Креветочный стир-фрай с Бок Чой,Dinner,360,32,6,28,14,"Жареные креветки в сезамом масле, грибы, рыжие, чеснок, добавьте устричный соус и соевый соус, поклоняйтесь рису из жасмина."
Жареные меч-рыбы с Манго-Сальсой,Dinner,380,42,5,24,14,"Сезонные меч-рыбы с оливковым маслом, тмин, паприка, гриль по 4 минуты с каждой стороны, сверху с свежим манго, красным луком, цилантро сальса."
Горячая курица с корневыми овощами,Dinner,470,44,8,36,20,"Целые кусочки цыплят с травами, жареные морковью, парснами, репами и тиме на 400F в течение 40 минут."
Курри с цыпочками,Dinner,375,18,14,50,12,"Лук, чеснок, имбирь, цыпленок, шпинат, помидоры и кокосовое молоко, сезон с гарам-масалой, служить с Нааном."
Жареный палтус с оливковым тапенадом,Dinner,390,44,4,12,20,"Гриль палтус по 4 минуты с каждой стороны, сверху с оливками, капером и солнечными помидорами, с жареными цуккини."
Куриные кубки Терияки,Dinner,440,40,6,48,12,"Маринатские куриные бедра в терияки, печенье и кусочки, подают поджаренный рис с эдамамой, измельченной морковью и сезамными семенами."
Черный соленый салат с кукурузным салатом,Dinner,420,38,6,30,20,"Пальто с черными пряностями, герр 4 минуты с каждой стороны, с помидорами, помидорами, авокадо и цилантролимовым салатом."
Рамка с гербовым покрытием,Dinner,490,38,2,6,34,Нажмите корочку из хлебной крошки на ягненок. Горит при 425F в течение 22 минут для меди. Отдыхайте 5 минут. Служите с мятной желе.
Спайк Говядина Булгоги,Dinner,460,40,4,36,20,"Маринат тонкий нарезанный говядиной говядины в корейском соусе гочужан, гриль или пансион, подают рис с кимчи и зеленым луком."
Белый боб и куриный суп,Dinner,380,36,12,36,10,"Симмерская куриная грудка в бульоне с белыми фасолью, чесноком, капустой, розмариной, измельчь курицу и размять, служить коричневым хлебом."
Зучини Ласанья,Dinner,380,30,8,32,18,"По длине цуккини для лапши, слоя с земными болоньей индейки, рикотты и моцареллой, бейк на 375F в течение 40 минут."
Мисо-Зелёный морской Басс,Dinner,370,38,3,22,14,"Белый мисо, мирин, саке, сахар, маринат морской бас 24 часа. Броил 8-10 минут до карамелизации. Служите с паровым отбивным."
Куриный и сладкий картофельный карри,Dinner,445,38,8,46,14,"Симмер, сладкий картофель, лук, чеснок и имбирь в кокосовом соусе."
Грибы Портобелло,Dinner,345,22,8,28,18,"Наполните большие кепки квиноа, фета, солнечные помидоры, шпинат."
Цыпленок с чесноком,Dinner,410,42,4,16,22,"Площадь цыпленка до одинаковой толщины, гер в чесночно-рёберном масле, обезжириваемый белым вином, заканчиваем в духовке при температуре 400F в течение 10 минут."
Кубок креветок и авокадо,Dinner,425,32,10,42,18,"Построй над Фарро с авокадо, жареной кукурузой, чёрной фасолью и одеждой из чипсола."
Куриная курица,Dinner,460,46,4,10,28,Удалить позвоночник и плоский цыпленок. Руба с растительным маслом. Гореть при 425F в течение 35-40 минут до золотых и сочных.
Рыбный пирог с треском и картофелем,Dinner,420,34,6,46,14,"Коровка в молоке, смешанная с гороши, петухом, с пюре, бейк с 375Ф на 25 минут до золотистого коричневого."
Куриный кацу со салатом,Dinner,460,40,6,44,18,"Хлебный цыпленок в панко, печенье до хрустящей хрустящей кости и подают с измельченной капустой и соусом кацу над паровым рисом."
Песто Цыпленок с капризом,Dinner,430,44,5,22,22,"Пальто на куриную грудку с песто, печенье на 400F в течение 22 минут, салат с свежими капризами моцареллы, томатов, базилика, оливкового масла."
Креветка из кокосового ореха,Dinner,370,30,4,30,16,"Маринатские креветки в кокосовом молоке, лайме, чесноке, имбире."
Ягненок и растительный тагин,Dinner,480,36,12,46,18,"Коричневое ягненское плечо, медленное приготовление абрикосов, цыплёнков, ras el hanout, консервированный лимон, оливки."
Джинджер Сезам Тофу,Dinner,350,22,6,36,16,"Нажмите на тофу и куб, кишите в имбирь, кезамное масло, соевый соус, рисовый уксус, бейк на 400F в течение 25 минут."
Стейк Chimichurri,Dinner,460,44,3,6,28,"Стейк из печенья с гриля до среднего уксуса, отдых и кусок кусочка, топ с чимичери (парсли, чеснок, оливковое масло, уксус) и жареным картофелем."
Запеченный лимонный курица,Dinner,395,44,4,14,20,"Маринат цыпленок в лимоне, тиме, розмаринах, чесноке, пекарне при 400F в течение 25 минут, служит с паровым брокколи и диким рисом."
Цыпленок тайского бейзила,Dinner,400,38,4,28,16,"Курица с чесноком, чили, устричным соусом, рыбным соусом."
Черный фасоль Enchiladas,Dinner,410,20,14,54,14,"Наполните черные фасоли, кукурузу, сыр, сальсу, рулет и место в печенном блюде, топ с соусом энчилады и сыром, печенье 20 минут."
Фенель и оранжевый печь для лосося,Dinner,415,38,6,26,20,"Лосося над нарезанным феннелом и апельсиновыми снарядами, с оливковым маслом, медом, чили с хлопьями."
Гриб и пастырь Лентил,Dinner,385,22,14,50,10,"Приготовить чечевицу с грибами, луком, морковью, томатной пастой, тимом."
Жареные меч-рыбы с Чимичерри,Dinner,400,44,4,10,20,"Кислородный стейк с оливковым маслом и гриль по 5 минут на каждую сторону, подавайте свежий соус чимичери и жареные вишневые помидоры."
Запеченный Фалафель с Тахини,Dinner,390,18,14,54,14,"Блестящие цыплята, травы, лук, чеснок, специи, мякоть в шары, пекарь в 400F в течение 25 минут, служите тахини и табуле."
Харисса Цыпленок,Dinner,440,40,5,28,20,"Пальто куриные бедра с пастой Харисса, жаркое при 425F на 35 мин. Служите с кусковым, жареным цыпленком и йогуртом."
Кассета тунца,Dinner,400,32,5,42,14,"Смешать консервированный тунец, цельнозерневые макароны, грибной суп, горох, чеддар."
Яблоко с миндальным маслом,Snack,190,5,5,26,10,"Срез 1, среднее яблоко, подавайте 1 tbsp натуральное миндальное масло, чтобы окунуться, примкните к корице, если захотите."
Греческий йогурт Дип с вегетарианцами,Snack,130,14,4,12,3,"Смешать 1/2 чашки греческого йогурта с чесночным порошком, дил и лимонным соком."
Смешанные орехи и сушеные фрукты,Snack,210,6,3,22,14,"Сочетание 1 оз смешанные орехи (орехи, грецкие орехи, кешью) с 1 tbsp сушеной клюквой и 5 тёмных шоколадных чипсов."
Жесткие яйцеклетки,Snack,140,12,0,1,10,"Кипящее два яйца в течение 10 минут, холодное в ледяной воде, чистка и сезон солью, перцем и горячим соусом."
Банана с арахисовым маслом,Snack,200,7,4,28,8,"Сезон 1, средний банан, подавай одно дюймовое арахисовое масло."
Коттедж Сыр с ананасовым ананасом,Snack,150,18,2,16,2,Смешать 3/4 чашки сыра с коттеджем с низким содержанием жира с 1/2 куска свежего ананаса.
Рисовые пирожные с авокадо,Snack,170,4,6,22,8,"Распределить авокадо на 2 рисовых пирога, сезон со солью, перцем и лимонным соком, факультативно наверху с хлопьями чили."
Эдамам с морской солью,Snack,140,12,8,12,5,"Пар 1 чашка проткнул эдамам в течение 5 минут, промелькнула солью, подавала тепло или холод."
Тротуарный смешок,Snack,230,7,4,24,14,"Сочетание 1 оз миндаля, 1 тбсп тыквенного зерна, 1 тбс сухая черника и 5 тёмных шоколадных чипсов."
Сельдерей с хумусом,Snack,120,5,5,14,5,"4 сельдерейных стеблей в классическом хумусе 3 тбс, спрыщи с паприкой и оливковым маслом."
Скрипки с сыром и яблочными кусочками,Snack,155,8,3,20,5,Пара 1 лёгкая стручковая палочка с сыром с 1 маленьким нарезанным яблоком для удовлетворительного белково-жирного перекуса.
Килевые чипсы,Snack,110,4,3,12,6,"Разрежьте капусту, кишите оливковым маслом, солью, пищевым дрожжем, кормите 300F в течение 15-20 минут до хрустящей."
Манго Ласси,Snack,175,8,3,32,2,"Бленд 1/2 чашечного манго, 1/2 чашки обычного йогурта, 1/4 чашечного молока, щипка кардамома."
Горячие цыплята,Snack,185,9,7,28,5,"Дренаж и сухие цыпленки, брось оливковое масло, тмин, паприка, чесночный порошок, зажигай 400F в течение 30 минут до хрустящей хрустали."
Сырные и целлозерные крекеры,Snack,200,10,3,22,8,Подай 1 окровавленный чеддар с 5 целых крекеров и несколькими нарезанными виноградами.
Манго Турмерик Смути,Snack,180,10,4,32,3,"Бленд 1/2 чашечного манго, 1/2 чашки греческого йогурта, 1 tsp турмерика, щипка чёрного перца и 1/2 чашечного апельсинового сока."
Масло и сельдерей,Snack,150,6,3,12,10,Наполните 4 селезенки миндальным миндом или арахисовым маслом и изюмом.
Замороженная йогуртная кора,Snack,145,12,3,18,4,"Расположить греческий йогурт на пергаменте, сверху с ягодами и медом, заморозить два часа и разбиться на куски."
Упаковка с водорослями,Snack,45,1,1,4,3,"Наслаждайтесь одной пачкой жареных водорослей, низкокалорийной, богатой минералами и удовлетворительной."
Кластеры семян подсолнечника,Snack,200,6,3,22,12,"Смешать семена подсолнечника, овса, меда и миндального масла, смешать в скоплениях, запекать 325F в течение 10 минут."
Груша с Рикоттой,Snack,175,9,5,26,4,"Спелые груши, верхние кусочки с 2 тбсп Рикотта, сухость меда и раздробленные грецкие орехи."
Огурец томатный салат,Snack,80,3,3,14,2,"Разрежьте огурец и вишневые помидоры, брось красный винный уксус, оливковое масло, базил, соль и перец."
"Свидания, забитые миндальным маслом",Snack,195,4,4,36,6,Свидание 4 Меджола. Заполните каждый из них 1/2 смольным миндальным маслом. Факультативно посыпьте солью.
Выщелаченные семя тыквы,Snack,160,9,2,8,12,"Бросьте 1 оз тыквенное семя с оливковым маслом, тмином, чили и солью."
Черничные йогурты,Snack,190,14,4,28,3,"Бленд 1/2 чашки черники, 3/4 чашки обычного йогурта, 1 tsp мед и 1/4 чашечного молока до гладкого."
Домашний бар &lt; &lt; Гранола &gt; &gt;,Snack,220,7,4,30,9,"Смешать овсянку, мед, миндаль, семена тыквы, сушеную клюкву и щипку соли."
Caprese Skewers,Snack,160,9,2,6,12,"Помидоры с вишенкой, мини-моцарелловые шарики и свежий базил на зубочистках, дриззл с оливковым маслом и бальзамическим блеском."
Авокадо Шоколадный Мусс,Snack,210,4,8,22,14,"Сварочный авокадо 1, порошок какао 2 тбсп, кленовый сироп 3 тбсп, миндальное молоко 1/4 и щипце соли до гладкого."
Зучини хумус,Snack,115,5,4,12,6,"Бленд 1 средний цуккини, 2 тбсп тахини, чеснок, лимонный сок, оливковое масло, соль."
Укусы белковой энергии,Snack,195,9,5,26,8,"Овсянка, арахисовое масло, протеиновый порошок, мед и шоколадные чипсы."
Арбузные скетчи,Snack,105,5,1,16,3,"Кубический арбуз и крошечная фета сверху, нарисуйте зубочистки и закончите мятным листом."
Кешью Йогурт Дип,Snack,175,8,2,18,10,"Кешью, пропитанную лимоном, чесноком, травами и водой, можно легко уладить."
Свекольный хумус с вегетарианцами,Snack,130,6,5,16,5,"Бленд готовил свеклу, цыпленок, тахини, лимон, чеснок, подавал морковные палочки, огурцы и сельдерей."
Кластеры с корицей миндаля,Snack,200,6,3,24,11,"Бросьте миндаль в яичный белый, мед, корицу и ваниль."
Салат с тропическими фруктами,Snack,95,2,4,24,1,"Кислородный манго, ананасы, папайя, киви и сок из лайма, топ с измельченным кокосом."
Сырная кесадильная слизь,Snack,210,10,3,24,10,"Наполните маленькую теплую тортилью измельченным сыром, черной фасолью и сальсой."
Шоколадный банановый кусочек,Snack,185,4,4,30,7,"Банан 1, глотай каждый кусочек в расплавленный темный шоколад, замерзай 30 минут на пергаменте до установки."
Попкорн с пищевым дрожжем,Snack,130,5,4,22,3,"Воздушно-поп 3 чашки поп-корна, 2 тбс-дрожжей, спрей от оливкового масла, чесночный порошок и соль."
Куриные кусочки солнечных огурцов,Snack,130,13,1,4,7,"Верхние огурцы с полдюжины оз курили лосось, сливочный сыр и каперс."
Чёрный фасоль с кукурузными чипами,Snack,200,9,8,30,6,"Блестящие черные бобы, чеснок, лайм, тмин, цилантро."
Альмонд Джой Смути,Snack,215,10,5,28,9,"Обваленное миндальное масло, какао, замороженный банан, миндальное молоко и измельченный кокос."
Цацики с Пита Треугольник,Snack,175,9,3,22,5,"Поставьте 3 тбсп цццики с 1 маленькой целой веткой питы, разрезанной на треугольники."
Цыплёнок Попкорн,Snack,165,8,6,24,5,"Дренированные цыпочки, сухой колодец, оливковое масло, попкорн-соли, чесночный порошок, жаркое при 425F в течение 25-30 минут."
Мини-индейский салат-латук,Snack,150,16,3,8,6,"Наполните три больших листья салата с маслом индейкой, кусочками авокадо и медовой горчицей."
Морковь и рыжий соус,Snack,95,2,4,22,1,"Сок 3 с морковью с ручкой свежей имбирной, яблоком и лимонным соком."
Бесгабаритные энергетические шары,Snack,170,6,4,26,6,"Смесь овсянка, подсолнуховое масло, мед, изюм и семена чии."
Сыр и виноградная тарелка,Snack,185,9,2,22,7,"Приготовить 1 оз острый кубик чеддара, 1/2 кружевного винограда и 3 целых крекера на маленькой тарелке."
Острая эдамама,Snack,150,12,8,14,5,"Бросай эдамам в оливковое масло, сираху, чеснок и морскую соль."
Зеленый зеленый смути,Snack,165,10,5,28,3,"Бленд 1 чашечка, 1/2 чашечного шпината, 1/2 чашки греческого йогурта, выжимание лайма и льда."
Даты миндаля,Snack,205,4,4,38,6,"Пит 5 Меджул финики и все такое с жареным миндалем, факультативно синяком с темным шоколадом."
Сезам Морские водоросли,Snack,95,3,2,8,5,"Площадь нори с сезамным маслом, просыпайтесь с морской солью и семенами сезам, пейк на 300F в течение 10 минут, взламывайте чипсы."
Греческая чашка йогурта и гранолы,Snack,195,16,4,26,5,"Слой 3/4 чашечный греческий йогурт, 2 тбс с низким содержанием сугара, и 1 тбс смешанные семена в чаше."
Рисовый пирог из шикарного тунца,Snack,165,15,2,18,4,"Примесь 1,5 оз тунца с сирачой, лёгкий майонез, рассредоточься на двух простых рисовых тортах, сверху с нарезанным зеленым луком."
Ананасовый коттедж Сырный Кубок,Snack,155,18,2,16,2,Сочетание 3/4 чашечного коттеджа сыра с 1/2 куска свежего ананаса и посыпкой корицы.
Бары без печки,Snack,210,7,4,30,9,"Смешать 1 чашку овса, 3 тбсп меда, 2 тбсп миндального масла, по 1 тбс каждый шоколадный чип и сушеную клюкву. Нажмите на сковороду. Остынь 1 час."
Манго Авокадо Салса,Snack,130,3,6,24,5,"Кости 1/2 манго и 1/2 авокадо, смешанные с красным луком, цилантром, сок из лайма и халапеньо, с печеными чипами тортильи."
Холодный брю-протеин,Snack,170,20,2,16,3,"Концентрат с холодным пивом, 1 протеиновый порошок, 1/2 миндального молока и льда, сладкий кленовым сиропом."
Фисташковые и клюквенные куски,Snack,195,6,3,26,9,"Смесь 2 тбс фисташковых, 1 тбсп сушеных клюквенных, 1 тбс тёмных шоколадных чипсов."
Сладкий картофельный тост с миндальным маслом,Snack,185,5,5,32,5,"Крести сладкий картофель по длине и тост до нежного состояния, сверху с 1 tbsp миндальное масло и нарезанный банан."
Соя-золотая Эдамама,Snack,155,13,8,15,5,"Кипящий эдамам, кипяток с соевым соусом, сезамное масло и щепотку красного перца."
Укусы свеклы и грецкого ореха,Snack,165,5,4,20,8,"Грейт 1, готовая свеклу, смешанная с грецкими орехами, оливковым маслом, лимонным соком и свежими петрушками."
Шоколадный хумус с фруктами,Snack,175,7,6,26,6,"Блестящие цыплята, какао, мед, ваниль, миндальное молоко и миндальное масло."
Турецкие перевороты,Snack,145,14,2,8,6,Распределить 1 кремовый сыр на 3 кусочки индейки с кусочком огурца и несколькими листьями шпината.
Семя и щетинка,Snack,200,6,3,22,12,"Семена подсолнечника, семена тыквы, миндаля, меда. Рассеивайтесь на пергаменте. Пейк на 325F на 15 минут. Охлаждение и разлом."
Тёмный шоколадный миндальный кусочек,Snack,180,5,4,22,10,"Мель 2 оз темный шоколад, стриптиз в 2 тбс порезанный миндаль и 1 tbsp овс, сбрасывать ложки на пергамент, прыгать с плавкой морской солью, хладагентировать до установки."
