Recipe_Name,Meal_Type,Calories,Protein_g,Fiber_g,Carbs_g,Fat_g,Instructions
Greek Yogurt Parfait,Breakfast,320,20,8,42,8,"Layer 200g Greek yogurt with 1/2 cup mixed berries, 2 tbsp granola, 1 tbsp chia seeds. Top with 1 tsp honey."
Spinach Mushroom Omelette,Breakfast,280,24,4,8,18,Whisk 3 eggs with salt and pepper. Sauté 1 cup spinach and 1/2 cup mushrooms. Pour eggs over vegetables and cook until set.
Overnight Oats with Berries,Breakfast,340,12,10,52,10,"Mix 1/2 cup oats, 1 cup almond milk, 1 tbsp chia seeds, 1/2 cup berries. Refrigerate overnight. Top with 1 tbsp almond butter."
Avocado Toast with Eggs,Breakfast,380,18,12,35,22,Toast 2 slices whole grain bread. Mash 1/2 avocado with lemon juice. Top with 2 poached eggs and cherry tomatoes.
Protein Smoothie Bowl,Breakfast,350,28,9,45,8,"Blend 1 scoop protein powder, 1 banana, 1/2 cup berries, 1 cup spinach, 1 cup almond milk. Top with granola and seeds."
Quinoa Breakfast Bowl,Breakfast,365,14,8,54,11,"Cook 1/2 cup quinoa. Top with 1/4 cup blueberries, 2 tbsp almonds, cinnamon, and 1 tbsp maple syrup."
Scrambled Tofu with Vegetables,Breakfast,290,22,7,18,16,"Crumble 200g firm tofu. Sauté with 1 cup mixed vegetables, turmeric, nutritional yeast, salt, and pepper."
Cottage Cheese Pancakes,Breakfast,310,26,5,32,8,"Blend 1 cup cottage cheese, 2 eggs, 1/2 cup oats, 1 tsp vanilla. Cook on griddle. Serve with berries."
Chia Pudding with Almonds,Breakfast,285,11,12,32,14,"Mix 3 tbsp chia seeds with 1 cup almond milk, 1 tsp vanilla. Refrigerate 4 hours. Top with 2 tbsp sliced almonds."
Smoked Salmon Bagel,Breakfast,420,28,6,48,14,"Toast 1 whole grain bagel. Spread 2 tbsp light cream cheese. Top with 3 oz smoked salmon, capers, and red onion."
Banana Protein Pancakes,Breakfast,340,22,6,42,10,Mash 1 banana with 2 eggs and 1 scoop protein powder. Cook pancakes. Top with 1 tbsp peanut butter.
Veggie Egg Muffins,Breakfast,195,16,3,8,11,"Whisk 6 eggs with diced bell peppers, onions, spinach. Pour into muffin tins. Bake at 350°F for 20 minutes."
Almond Butter Toast,Breakfast,310,12,8,38,16,Toast 2 slices whole grain bread. Spread 2 tbsp almond butter. Top with sliced banana and chia seeds.
High-Protein Waffles,Breakfast,380,26,7,44,12,"Mix 1 cup protein powder, 2 eggs, 1/2 cup oats, 1 cup milk. Cook in waffle maker. Top with Greek yogurt."
Apple Cinnamon Oatmeal,Breakfast,295,10,9,52,7,"Cook 1/2 cup oats with water. Add diced apple, cinnamon, 1 tbsp walnuts, and 1 tsp honey."
Breakfast Burrito,Breakfast,410,24,8,42,18,"Scramble 2 eggs. Fill whole wheat tortilla with eggs, 1/4 cup black beans, salsa, and 2 tbsp cheese."
Peanut Butter Banana Smoothie,Breakfast,380,18,8,48,16,"Blend 1 banana, 2 tbsp peanut butter, 1 cup milk, 1/2 cup oats, 1 tbsp flax seeds, ice."
Berry Protein Muffins,Breakfast,220,12,5,28,8,"Mix protein powder, oat flour, eggs, berries, Greek yogurt. Bake at 350°F for 18-20 minutes."
Shakshuka,Breakfast,310,18,6,24,16,"Simmer tomatoes, peppers, onions, spices. Create wells and crack 3 eggs. Cover and cook until eggs set."
Buckwheat Porridge,Breakfast,280,11,8,48,6,"Cook 1/2 cup buckwheat groats with almond milk. Top with berries, cinnamon, and 1 tbsp hemp seeds."
Turkey Sausage Breakfast,Breakfast,320,28,3,12,18,Cook 2 turkey sausages. Serve with sautéed spinach and 1 slice whole grain toast.
Coconut Chia Bowl,Breakfast,295,9,11,36,14,"Mix 3 tbsp chia seeds with coconut milk. Top with mango, shredded coconut, and 1 tbsp almonds."
Protein French Toast,Breakfast,350,24,6,42,11,Dip 2 slices whole grain bread in mixture of 2 eggs and 1 scoop protein powder. Cook and top with berries.
Green Smoothie,Breakfast,265,14,9,38,8,"Blend 2 cups spinach, 1 banana, 1/2 avocado, 1 scoop protein powder, 1 cup almond milk, ice."
Breakfast Quinoa with Nuts,Breakfast,345,13,8,48,12,"Cook quinoa in almond milk. Top with mixed nuts, dried fruit, cinnamon, and 1 tsp honey."
Egg White Wrap,Breakfast,290,26,7,32,6,"Scramble 4 egg whites. Fill whole wheat wrap with egg whites, spinach, tomatoes, and 2 tbsp salsa."
Ricotta Berry Bowl,Breakfast,305,18,7,35,11,"Mix 1 cup ricotta with vanilla. Top with mixed berries, 1 tbsp honey, and 2 tbsp granola."
Breakfast Salad,Breakfast,340,16,8,28,18,"Mix spinach, arugula, cherry tomatoes, cucumber. Top with 2 poached eggs, avocado, and balsamic vinegar."
Protein Oat Cookies,Breakfast,280,14,6,36,10,"Mix oats, protein powder, mashed banana, almond butter, dark chocolate chips. Bake at 350°F for 12 minutes."
Sweet Potato Hash,Breakfast,315,14,9,44,11,"Dice and roast 1 sweet potato. Sauté with peppers, onions, and turkey sausage. Top with 1 fried egg."
Breakfast Chia Bars,Breakfast,245,10,10,28,11,"Mix chia seeds, oats, nut butter, honey, dried fruit. Press into pan. Refrigerate and cut into bars."
Lentil Breakfast Bowl,Breakfast,330,18,12,48,8,"Cook red lentils. Top with sautéed vegetables, 1 poached egg, and tahini drizzle."
Protein Crepes,Breakfast,295,22,4,32,10,"Blend 2 eggs, 1 scoop protein powder, 1/4 cup milk. Cook thin crepes. Fill with Greek yogurt and berries."
Breakfast Chickpeas,Breakfast,310,14,11,46,9,"Roast chickpeas with spices. Serve with whole grain toast, avocado, and cherry tomatoes."
Kefir Smoothie Bowl,Breakfast,285,16,7,40,8,"Blend 1 cup kefir with frozen berries. Top with granola, chia seeds, and sliced almonds."
Veggie Scramble,Breakfast,265,20,6,14,14,"Scramble 3 eggs with diced vegetables (peppers, onions, tomatoes, spinach). Season with herbs."
Breakfast Stuffed Peppers,Breakfast,290,18,6,26,14,"Halve bell peppers. Fill with scrambled eggs, black beans, and cheese. Bake at 375°F for 15 minutes."
High-Fiber Cereal Bowl,Breakfast,310,12,14,56,6,"Serve 1.5 cups high-fiber cereal with 1 cup milk, 1/2 banana, and 1 tbsp ground flax."
Salmon Breakfast Bowl,Breakfast,395,32,5,28,18,"Serve 4 oz grilled salmon with quinoa, sautéed kale, and 1 poached egg."
Breakfast Taco,Breakfast,325,20,7,34,14,"Fill corn tortillas with scrambled eggs, black beans, salsa, avocado, and cilantro."
Muesli with Yogurt,Breakfast,335,15,9,48,10,"Mix raw oats, nuts, seeds, dried fruit. Serve with Greek yogurt and fresh berries."
Protein Banana Bread,Breakfast,255,14,5,32,9,"Bake banana bread with protein powder, whole wheat flour, eggs, mashed bananas, walnuts. Serve 1 slice."
Breakfast Buddha Bowl,Breakfast,385,20,11,46,16,"Combine quinoa, roasted sweet potato, sautéed kale, chickpeas, avocado, and tahini dressing."
Cottage Cheese Bowl,Breakfast,275,24,6,28,8,"Top 1 cup cottage cheese with diced pineapple, 2 tbsp granola, and 1 tbsp hemp seeds."
Savory Oatmeal,Breakfast,320,16,8,42,12,"Cook oats in vegetable broth. Top with sautéed mushrooms, spinach, 1 poached egg, and parmesan."
Breakfast Sushi,Breakfast,340,18,8,44,12,"Spread peanut butter on whole grain tortilla. Add banana, berries, granola. Roll and slice."
Apple Pie Smoothie,Breakfast,305,16,9,46,8,"Blend 1 apple, 1 cup Greek yogurt, 1/2 cup oats, cinnamon, 1 tbsp almond butter, ice, milk."
Egg and Veggie Breakfast Bowl,Breakfast,295,19,7,24,15,"Roast vegetables. Top with 2 fried eggs, 1/4 avocado, and hot sauce."
Protein Donuts,Breakfast,235,16,4,28,8,"Mix protein powder, oat flour, eggs, Greek yogurt, vanilla. Bake in donut pan at 350°F for 12 minutes."
Breakfast Couscous,Breakfast,315,12,7,52,8,"Cook couscous in almond milk. Top with cinnamon, dried apricots, pistachios, and honey."
Smoked Mackerel Toast,Breakfast,365,26,6,32,16,"Toast whole grain bread. Top with 3 oz smoked mackerel, cucumber, dill, and lemon juice."
Grilled Chicken Salad,Lunch,380,42,8,28,12,"Grill 6 oz chicken breast. Serve over mixed greens with cherry tomatoes, cucumber, chickpeas, balsamic vinaigrette."
Quinoa Buddha Bowl,Lunch,420,18,12,58,14,"Combine cooked quinoa, roasted vegetables, chickpeas, tahini dressing, and mixed greens."
Turkey and Avocado Wrap,Lunch,395,32,10,38,16,"Fill whole wheat wrap with 4 oz turkey breast, avocado, lettuce, tomato, mustard."
Lentil Soup,Lunch,315,18,14,52,4,"Simmer red lentils with carrots, celery, onions, vegetable broth, cumin, and turmeric."
Tuna Salad Bowl,Lunch,340,36,7,28,10,"Mix 5 oz canned tuna with Greek yogurt, diced celery, onion. Serve over mixed greens with whole grain crackers."
Mediterranean Chickpea Bowl,Lunch,385,14,13,56,12,"Combine chickpeas, cucumber, tomatoes, red onion, feta, olives, lemon-olive oil dressing."
Grilled Salmon with Vegetables,Lunch,410,38,8,24,20,"Grill 6 oz salmon. Serve with roasted broccoli, bell peppers, and quinoa."
Chicken Stir-Fry,Lunch,395,36,7,42,10,"Stir-fry 5 oz chicken with mixed vegetables, garlic, ginger, low-sodium soy sauce. Serve over brown rice."
Black Bean Burrito Bowl,Lunch,425,20,16,64,12,"Combine brown rice, black beans, corn, salsa, lettuce, 2 tbsp cheese, 1/4 avocado."
Caprese Salad with Chicken,Lunch,365,34,4,18,20,"Slice 5 oz grilled chicken, tomatoes, fresh mozzarella. Drizzle with balsamic glaze and basil."
Veggie and Hummus Wrap,Lunch,355,14,12,52,12,"Spread 3 tbsp hummus on whole wheat wrap. Add cucumber, carrots, bell peppers, spinach, sprouts."
Shrimp and Avocado Salad,Lunch,320,32,9,20,14,"Toss 6 oz grilled shrimp with mixed greens, avocado, cherry tomatoes, lime vinaigrette."
Turkey Chili,Lunch,380,34,12,38,10,"Cook ground turkey with kidney beans, tomatoes, bell peppers, onions, chili spices. Simmer 30 minutes."
Chicken Caesar Salad (Lightened),Lunch,340,38,6,22,12,"Toss romaine lettuce with 6 oz grilled chicken, light Caesar dressing, 2 tbsp parmesan, whole grain croutons."
Veggie Burger with Sweet Potato,Lunch,405,18,14,58,14,"Grill veggie burger. Serve on whole grain bun with lettuce, tomato. Side of baked sweet potato wedges."
Salmon Poke Bowl,Lunch,445,36,6,46,16,"Combine brown rice, 5 oz raw salmon cubes, edamame, cucumber, avocado, seaweed, soy-sesame dressing."
Minestrone Soup,Lunch,285,14,11,46,6,"Simmer beans, pasta, tomatoes, zucchini, carrots, celery, vegetable broth, Italian herbs."
Grilled Chicken Pita,Lunch,375,34,8,42,10,"Fill whole wheat pita with grilled chicken, hummus, cucumber, tomatoes, lettuce, tahini."
Tofu Scramble Wrap,Lunch,345,22,9,38,14,Scramble crumbled tofu with vegetables. Fill whole wheat wrap with tofu scramble and avocado.
Chicken and Vegetable Soup,Lunch,265,28,6,26,6,"Simmer chicken breast, carrots, celery, onions, zucchini in low-sodium chicken broth with herbs."
Falafel Bowl,Lunch,415,16,13,58,15,"Serve 4 falafel balls over quinoa with mixed greens, cucumber, tomatoes, tahini sauce."
Egg Salad Lettuce Wraps,Lunch,245,18,4,12,16,"Mash 3 hard-boiled eggs with Greek yogurt, mustard, diced celery. Serve in lettuce cups."
Chicken Teriyaki Bowl,Lunch,425,38,5,52,10,Serve 6 oz teriyaki chicken over brown rice with steamed broccoli and carrots.
Vegetable Curry with Chickpeas,Lunch,370,14,12,56,10,"Simmer chickpeas, cauliflower, spinach, tomatoes in curry sauce. Serve with brown rice."
Greek Salad with Grilled Chicken,Lunch,355,36,6,22,16,"Combine romaine, cucumber, tomatoes, olives, feta, 5 oz grilled chicken, lemon-oregano dressing."
Baked Cod with Vegetables,Lunch,315,34,7,28,6,Bake 6 oz cod with lemon and herbs. Serve with roasted Brussels sprouts and sweet potato.
Turkey Meatballs with Zoodles,Lunch,340,32,8,24,14,Bake turkey meatballs. Serve over spiralized zucchini with marinara sauce and 1 tbsp parmesan.
Asian Chicken Salad,Lunch,365,34,7,32,12,"Toss cabbage, carrots, edamame, 5 oz grilled chicken with ginger-sesame dressing and sliced almonds."
Stuffed Bell Peppers,Lunch,355,26,9,42,10,"Fill bell peppers with ground turkey, brown rice, black beans, salsa. Bake at 375°F for 30 minutes."
Chicken Noodle Soup,Lunch,295,24,4,36,7,"Simmer chicken, whole wheat noodles, carrots, celery, onions in chicken broth with herbs."
Salmon and Asparagus,Lunch,385,36,6,22,20,Grill 6 oz salmon and asparagus. Serve with quinoa and lemon wedge.
Lentil and Vegetable Stew,Lunch,325,16,14,52,6,"Simmer lentils, carrots, celery, tomatoes, spinach, vegetable broth, cumin, paprika."
Chicken Fajita Bowl,Lunch,395,36,9,44,12,Sauté chicken strips with peppers and onions. Serve over brown rice with salsa and 1/4 avocado.
Tuna Niçoise Salad,Lunch,365,32,8,26,16,"Arrange mixed greens, 5 oz tuna, hard-boiled egg, green beans, tomatoes, olives, vinaigrette."
Veggie Stir-Fry with Tofu,Lunch,340,20,8,38,14,"Stir-fry firm tofu with broccoli, bell peppers, snap peas, garlic, ginger. Serve over brown rice."
Chicken and Quinoa Salad,Lunch,385,34,8,42,12,"Mix quinoa, diced grilled chicken, cucumber, tomatoes, feta, lemon-herb dressing."
Mushroom and Barley Soup,Lunch,275,12,10,48,5,"Simmer barley, mushrooms, carrots, celery, onions, thyme in vegetable broth."
Turkey and Spinach Wrap,Lunch,345,30,8,38,10,"Fill whole wheat wrap with turkey, fresh spinach, tomatoes, hummus, cucumber."
Chicken Enchilada Bowl,Lunch,415,32,10,48,14,"Layer brown rice, shredded chicken, black beans, corn, enchilada sauce, 2 tbsp cheese, cilantro."
Grilled Tilapia Tacos,Lunch,365,32,9,42,10,"Grill tilapia. Serve in corn tortillas with cabbage slaw, avocado, lime crema."
Spinach and Feta Salad,Lunch,305,16,6,24,18,"Toss spinach with strawberries, walnuts, feta, grilled chicken, balsamic vinaigrette."
Beef and Vegetable Stir-Fry,Lunch,395,32,6,38,16,"Stir-fry lean beef with broccoli, bell peppers, snap peas. Serve over brown rice with low-sodium sauce."
Chicken Shawarma Bowl,Lunch,405,38,8,42,12,"Serve spiced chicken over rice with cucumber, tomatoes, pickles, tahini sauce."
White Bean and Kale Soup,Lunch,295,16,12,44,6,"Simmer white beans, kale, carrots, celery, garlic, vegetable broth, Italian herbs."
Seared Tuna Salad,Lunch,375,38,6,26,14,"Sear 6 oz tuna steak. Serve over mixed greens with edamame, cucumber, sesame-ginger dressing."
Chicken Gyro,Lunch,395,36,7,42,12,"Fill whole wheat pita with grilled chicken, tomatoes, cucumber, red onion, tzatziki sauce."
Vegetarian Lasagna,Lunch,385,22,9,44,14,"Layer whole wheat lasagna noodles with ricotta, spinach, zucchini, marinara, mozzarella. Bake."
Shrimp Tacos,Lunch,345,28,8,42,10,"Grill shrimp with spices. Serve in corn tortillas with cabbage, avocado, lime."
BBQ Chicken Salad,Lunch,375,36,7,38,10,"Top mixed greens with BBQ chicken, corn, black beans, tomatoes, red onion, ranch dressing."
Stuffed Zucchini Boats,Lunch,315,24,8,28,12,"Hollow zucchini halves. Fill with ground turkey, quinoa, tomatoes, Italian herbs. Bake at 375°F for 25 minutes."
Chicken Tortilla Soup,Lunch,325,28,8,36,8,"Simmer chicken, black beans, corn, tomatoes, peppers in broth. Top with tortilla strips and avocado."
Sushi Bowl,Lunch,395,24,6,58,8,"Combine sushi rice, cucumber, avocado, edamame, crab stick or cooked shrimp, seaweed, soy sauce."
Thai Peanut Chicken,Lunch,425,38,7,42,16,Stir-fry chicken with vegetables in peanut sauce. Serve over brown rice or rice noodles.
Egg & Spinach Breakfast Bowl,Breakfast,310,24,6,20,16,"Sauté 2 cups spinach in olive oil. Fry 2 eggs and place over spinach. Add cherry tomatoes and season with salt, pepper, and chili flakes."
Steel-Cut Oats with Walnuts,Breakfast,330,10,8,50,12,"Cook 1/2 cup steel-cut oats. Stir in 1 tbsp maple syrup, top with 2 tbsp chopped walnuts, sliced apple, and a pinch of cinnamon."
Greek Yogurt with Honey and Granola,Breakfast,305,18,3,42,8,"Spoon 200g full-fat Greek yogurt into a bowl. Drizzle 1 tsp honey, add 3 tbsp granola, and scatter a handful of pomegranate seeds."
Smashed Avocado on Rye,Breakfast,360,12,14,36,20,"Toast 2 slices rye bread. Mash 1 avocado with lemon juice, garlic powder, salt. Spread on toast. Top with radish slices and sesame seeds."
Spinach Feta Omelette,Breakfast,295,26,4,6,18,"Beat 3 eggs with salt and pepper. Sauté 1 cup spinach. Add egg mixture, sprinkle 2 tbsp crumbled feta. Fold and serve."
Mango Chia Overnight Oats,Breakfast,340,12,10,52,9,"Combine 1/2 cup oats, 1 cup coconut milk, 2 tbsp chia seeds. Refrigerate overnight. Top with diced mango and shredded coconut."
Smoked Salmon Scrambled Eggs,Breakfast,320,28,1,6,20,"Scramble 3 eggs gently with butter. Fold in 2 oz smoked salmon, 1 tbsp cream cheese, and fresh chives. Serve on whole-grain toast."
Ricotta Toast with Figs,Breakfast,350,16,5,46,12,"Toast 2 thick slices sourdough. Spread with 3 tbsp ricotta, top with 2 sliced fresh figs, 1 tsp honey, and crushed pistachios."
Zucchini Egg Fritters,Breakfast,275,20,4,18,14,"Grate 1 zucchini, squeeze out liquid. Mix with 2 eggs, 2 tbsp flour, salt, pepper, dill. Pan-fry in olive oil until golden."
Almond Flour Banana Pancakes,Breakfast,360,14,6,42,16,"Mix 1 cup almond flour, 2 eggs, 1 mashed banana, 1/2 tsp baking powder. Cook on non-stick griddle. Serve with fresh berries."
Quinoa Porridge with Blueberries,Breakfast,315,14,7,50,8,Cook 1/2 cup quinoa in 1 cup almond milk. Sweeten with 1 tsp honey. Top with 1/2 cup blueberries and sliced almonds.
Sweet Potato Hash,Breakfast,330,14,8,44,12,"Dice 1 medium sweet potato and cook in oil until crispy. Add bell pepper, onion, and 2 fried eggs. Season with smoked paprika."
Blueberry Protein Smoothie,Breakfast,320,28,7,38,6,"Blend 1 cup frozen blueberries, 1 scoop vanilla protein powder, 1 tbsp almond butter, 1 cup unsweetened almond milk, and ice."
Cottage Cheese with Peaches,Breakfast,250,22,3,28,4,"Scoop 1 cup low-fat cottage cheese into a bowl. Top with 1 sliced peach, 1 tbsp honey, and a sprinkle of granola."
Egg Muffins with Turkey and Veg,Breakfast,220,22,3,6,12,"Whisk 6 eggs. Mix in 2 oz diced turkey, diced bell pepper, spinach. Pour into muffin tins. Bake at 375F for 18 minutes."
Walnut Date Energy Balls,Breakfast,280,8,6,36,14,"Blend 1 cup Medjool dates, 1 cup walnuts, 2 tbsp cocoa powder, pinch salt in food processor. Roll into balls. Refrigerate."
Creamy Avocado Smoothie,Breakfast,310,12,10,34,16,"Blend 1/2 avocado, 1 banana, 1 cup spinach, 1 cup oat milk, 1 tbsp chia seeds, and ice until smooth."
Poached Eggs on Quinoa,Breakfast,355,24,6,38,12,"Cook 1/2 cup quinoa. Poach 2 eggs. Place eggs over quinoa with sautéed kale, cherry tomatoes, and a drizzle of hot sauce."
Banana Walnut Baked Oatmeal,Breakfast,370,12,8,54,13,"Mix 1 cup oats, 1 mashed banana, 1 egg, 1 cup milk, 2 tbsp walnuts, cinnamon, and 1 tsp honey. Bake at 375F for 25 min."
Tofu Veggie Scramble,Breakfast,280,22,6,18,15,"Crumble 200g firm tofu. Sauté with diced red pepper, zucchini, turmeric, cumin, salt. Top with fresh cilantro."
Bircher Muesli,Breakfast,345,14,9,52,10,"Combine 1/2 cup rolled oats, 1 cup oat milk, 1 grated apple, 1 tbsp honey. Refrigerate overnight. Top with mixed berries."
Yogurt Bark with Berries,Breakfast,230,16,4,28,7,"Spread 2 cups Greek yogurt on parchment-lined tray. Top with mixed berries, granola, and honey. Freeze 3 hours. Break into pieces."
Whole-Grain Waffles with Strawberries,Breakfast,375,16,7,52,12,"Mix whole-grain waffle batter. Cook in waffle iron. Serve topped with sliced strawberries, 1 tbsp Greek yogurt, and a drizzle of maple syrup."
Smoked Salmon Egg Cups,Breakfast,260,26,2,4,15,Line muffin tins with smoked salmon. Crack 1 egg into each. Add cream cheese and chives. Bake at 375F for 12-15 minutes.
Kiwi Protein Bowl,Breakfast,295,24,8,36,6,"Blend 1 scoop plain protein powder, 1 cup kefir, 1 tbsp flax seeds. Pour into bowl. Top with diced kiwi and mint leaves."
Black Bean Breakfast Wrap,Breakfast,400,22,12,50,14,"Warm whole-wheat tortilla. Fill with 1/2 cup black beans, 2 scrambled eggs, avocado slices, salsa, and cilantro."
Chocolate Peanut Butter Oatmeal,Breakfast,390,16,8,52,14,"Cook 1/2 cup oats. Stir in 1 tbsp peanut butter, 1 tbsp cocoa powder, 1 tsp honey. Top with banana slices and cacao nibs."
Lox and Cream Cheese Rice Cakes,Breakfast,295,20,2,30,10,"Spread 3 rice cakes with 2 tbsp light cream cheese. Top with 2 oz lox, capers, thin cucumber slices, and dill."
Cinnamon Raisin Porridge,Breakfast,330,10,8,54,8,"Cook 1/2 cup oats in milk. Add 2 tbsp raisins, 1/2 tsp cinnamon, 1 tbsp honey, and a pat of almond butter."
Sun Butter and Banana Toast,Breakfast,340,12,7,44,14,"Toast 2 slices sprouted grain bread. Spread 2 tbsp sunflower butter. Top with sliced banana, chia seeds, and a drizzle of honey."
Acai Smoothie Bowl,Breakfast,365,14,10,50,12,"Blend 1 frozen acai pack, 1 banana, 1/2 cup mixed berries, 1/2 cup almond milk. Pour into bowl, top with granola, coconut flakes, seeds."
Herbed Cottage Cheese Toast,Breakfast,285,22,6,28,8,"Toast 2 whole-grain slices. Top with 1/2 cup cottage cheese, fresh chives, dill, black pepper, and sliced cucumber."
Melon Mint Smoothie,Breakfast,220,10,5,38,3,"Blend 2 cups honeydew melon, 1/2 cup Greek yogurt, fresh mint leaves, lime juice, and ice until smooth."
Lentil Soup,Lunch,360,22,16,52,6,"Sauté onion, carrots, celery in olive oil. Add 1 cup lentils, diced tomatoes, 4 cups vegetable broth, cumin, coriander. Simmer 30 min."
Tuna Nicoise Salad,Lunch,400,38,8,24,18,"Arrange greens, 5 oz tuna, hard-boiled egg, green beans, tomatoes, olives, and capers. Drizzle with Dijon vinaigrette."
Roasted Vegetable Wrap,Lunch,370,14,10,50,14,"Roast zucchini, red pepper, eggplant with olive oil and herbs. Fill whole-wheat wrap with roasted veg, hummus, and baby spinach."
Minestrone Soup,Lunch,330,16,14,46,8,"Sauté onion, garlic, carrot, celery. Add canned tomatoes, kidney beans, zucchini, pasta, and vegetable broth. Simmer 20 min."
Smoked Salmon Grain Bowl,Lunch,420,32,8,44,14,"Base of farro or barley. Top with cucumber, avocado, edamame, 4 oz smoked salmon, and lemon-tahini dressing."
Turkey Avocado Club,Lunch,445,38,8,38,18,"Layer 3 oz sliced turkey, avocado, lettuce, tomato, and Dijon mustard between 2 slices whole-grain bread. Add a side of baby carrots."
Chicken Caesar Wrap,Lunch,415,38,5,36,16,"Toss romaine with Caesar dressing. Wrap with 4 oz grilled chicken, shaved parmesan, and whole-wheat tortilla."
Mediterranean Falafel Bowl,Lunch,425,18,14,55,16,"Serve 4 baked falafel over quinoa with chopped cucumber, tomato, red onion, kalamata olives, and tahini sauce."
Black Bean Tacos,Lunch,390,18,14,52,12,"Warm corn tortillas. Fill with spiced black beans, shredded cabbage, mango salsa, avocado crema, and lime juice."
Zucchini Noodle Stir-Fry,Lunch,310,24,8,22,16,"Spiralize 2 zucchini. Stir-fry with tofu, broccoli, snap peas in sesame oil and soy sauce. Top with sesame seeds."
Asian Chicken Salad,Lunch,365,35,6,24,15,"Toss shredded chicken breast, shredded cabbage, edamame, sliced carrots, with sesame-ginger dressing. Top with wonton strips."
Split Pea Soup,Lunch,340,22,14,50,6,"Sauté onion, garlic, carrot. Add 1 cup split peas, 5 cups vegetable broth, dried thyme, salt, pepper. Simmer 45 minutes until creamy."
Caprese Panini,Lunch,390,22,4,42,16,"Press fresh mozzarella, sliced tomato, and fresh basil between ciabatta bread. Grill until cheese melts and bread is golden."
Shrimp Avocado Salad,Lunch,355,30,8,20,18,"Toss 6 oz cooked shrimp, diced avocado, cherry tomatoes, corn, red onion, and cilantro with lime juice and olive oil."
Spiced Chickpea Wrap,Lunch,390,18,12,52,14,"Season chickpeas with cumin, paprika, garlic. Pan-fry until crispy. Fill a whole-wheat wrap with chickpeas, spinach, tzatziki, and tomato."
Soba Noodle Bowl,Lunch,380,20,6,54,10,"Cook soba noodles. Toss with cucumber, shredded carrots, edamame, green onions, and a sesame-soy dressing. Top with sesame seeds."
Gazpacho with Crusty Bread,Lunch,280,8,6,38,10,"Blend tomatoes, cucumber, red pepper, garlic, red wine vinegar, olive oil. Chill. Serve cold with 1 slice toasted sourdough."
Greek Chicken Pita,Lunch,425,40,5,38,14,"Grill marinated chicken breast. Serve in a whole-wheat pita with tzatziki, tomato, cucumber, red onion, and romaine."
Butternut Squash Soup,Lunch,285,8,8,46,8,"Roast butternut squash. Blend with sautéed onion, garlic, vegetable broth, and coconut milk. Season with nutmeg and ginger."
Edamame Poke Bowl,Lunch,415,26,10,52,12,"Cook sushi rice. Top with edamame, cucumber, shredded carrot, avocado, nori, and a drizzle of ponzu and sriracha mayo."
Lemon Herb Tuna Sandwich,Lunch,380,36,6,36,12,"Mix 4 oz tuna with lemon juice, celery, dill, Dijon mustard, and light mayo. Serve on whole-grain bread with lettuce and tomato."
Veggie Hummus Flatbread,Lunch,355,16,10,46,12,"Spread 3 tbsp hummus on a whole-wheat flatbread. Top with sliced cucumber, cherry tomatoes, red onion, olives, and crumbled feta."
Sweet Potato and Chickpea Curry,Lunch,395,16,12,56,12,"Sauté onion and garlic. Add cubed sweet potato, chickpeas, curry paste, coconut milk, and broth. Simmer 20 min. Serve over rice."
Arugula Steak Salad,Lunch,420,38,5,18,24,"Slice 4 oz grilled lean flank steak over arugula. Add shaved parmesan, cherry tomatoes, and a lemon-balsamic dressing."
Chicken Noodle Soup,Lunch,350,30,4,38,8,"Simmer chicken breast in broth with carrots, celery, onion, noodles, thyme, and parsley. Serve hot with crusty bread."
Kale Caesar Salad with Chicken,Lunch,390,38,6,22,20,"Massage 3 cups kale with lemon. Toss with Caesar dressing, 4 oz grilled chicken, shaved parmesan, and whole-grain croutons."
Moroccan Lentil Stew,Lunch,370,22,16,50,8,"Cook red lentils with canned tomatoes, spices (cumin, coriander, cinnamon, turmeric), vegetable broth. Serve with a wedge of lemon."
Teriyaki Salmon Rice Bowl,Lunch,450,36,4,48,14,"Brush 4 oz salmon with teriyaki sauce and bake. Serve over steamed rice with pickled ginger, edamame, and sesame seeds."
Beet and Goat Cheese Salad,Lunch,340,16,8,32,18,"Roast beets and slice. Arrange over mixed greens with goat cheese, candied walnuts, and balsamic-orange dressing."
Turkey Kale Soup,Lunch,310,28,8,28,8,"Simmer ground turkey with kale, white beans, tomatoes, chicken broth, garlic, Italian seasoning. Serve with whole-grain roll."
Avocado Egg Salad Sandwich,Lunch,400,24,10,34,20,"Mash 2 hard-boiled eggs with 1/2 avocado, Dijon mustard, lemon juice, dill. Serve on whole-grain bread with lettuce."
Cucumber Sushi Roll Bowl,Lunch,360,18,6,50,10,"Cook sushi rice. Top with cucumber strips, avocado, cooked shrimp, sesame seeds, and soy-ginger dressing."
Red Pepper Lentil Dahl,Lunch,375,20,14,52,8,"Sauté onion, garlic, red peppers. Add red lentils, coconut milk, vegetable broth, garam masala. Simmer 20 min. Serve over rice."
Grilled Chicken with Roasted Vegetables,Dinner,430,42,8,28,16,"Marinate chicken in lemon, garlic, herbs. Grill until cooked. Roast zucchini, bell pepper, red onion with olive oil at 400F for 25 min."
Baked Salmon with Asparagus,Dinner,390,40,5,12,22,"Place salmon fillet on baking sheet. Surround with asparagus. Drizzle all with olive oil, lemon, garlic. Bake at 400F for 18 min."
Beef Stir-Fry with Broccoli,Dinner,420,38,8,30,18,"Slice lean beef. Stir-fry in sesame oil with broccoli, snap peas, bell pepper, garlic, ginger. Add soy sauce, oyster sauce. Serve over rice."
Stuffed Bell Peppers,Dinner,385,28,10,40,14,"Halve and seed 4 bell peppers. Fill with ground turkey, cooked rice, diced tomatoes, black beans, spices. Bake at 375F for 35 min."
Shrimp Tacos,Dinner,400,30,8,44,14,"Season shrimp with cumin, chili, garlic. Pan-fry 2 min. Serve in corn tortillas with shredded cabbage, avocado, and chipotle mayo."
Chicken Tikka Masala,Dinner,450,40,5,38,16,"Marinate chicken in yogurt and spices. Grill then simmer in tomato-cream sauce with garam masala, ginger, garlic. Serve with basmati rice."
Lemon Herb Cod,Dinner,320,36,4,18,10,"Season cod with lemon zest, parsley, garlic, olive oil. Bake at 400F for 15 min. Serve with steamed green beans and wild rice."
Beef and Vegetable Stew,Dinner,440,35,10,38,16,"Brown lean beef cubes. Cook with potatoes, carrots, onion, celery in beef broth with thyme and rosemary until tender."
Turkey Meatballs with Zucchini Noodles,Dinner,370,38,6,20,16,Make turkey meatballs with herbs and bake. Spiralize zucchini. Serve meatballs over zucchini noodles with marinara sauce.
Veggie Chili,Dinner,355,20,18,52,8,"Sauté onion, peppers, garlic. Add kidney beans, black beans, tomatoes, corn, chili powder, cumin, paprika. Simmer 25 min."
Baked Chicken Thighs with Sweet Potato,Dinner,470,38,8,44,18,Season chicken thighs with herbs and lemon. Bake with cubed sweet potato at 400F for 35 min until golden.
Pan-Seared Tuna with Quinoa,Dinner,420,46,8,36,12,"Sear ahi tuna 90 sec per side. Slice over cooked quinoa with edamame, cucumber, and sesame-soy dressing."
Eggplant Parmesan,Dinner,390,22,10,42,18,Bread and bake eggplant slices at 400F. Layer with marinara and mozzarella. Bake again until bubbly. Serve with spaghetti.
Garlic Butter Shrimp Pasta,Dinner,445,32,4,50,16,"Sauté shrimp in garlic butter. Toss with whole-wheat linguine, cherry tomatoes, spinach, white wine, lemon juice."
Thai Green Curry,Dinner,420,30,6,40,18,"Sauté green curry paste in coconut oil. Add chicken, snap peas, bell pepper, zucchini, coconut milk. Simmer 15 min. Serve with jasmine rice."
Lamb Koftas with Tabbouleh,Dinner,460,36,8,36,22,"Mix ground lamb with spices, form into koftas. Grill. Serve with bulgur tabbouleh, cucumber, tomato, and mint yogurt sauce."
Salmon Teriyaki,Dinner,430,38,3,34,18,Glaze salmon with teriyaki sauce. Bake or pan-sear 5 min per side. Serve with steamed broccoli and brown rice.
Cauliflower Fried Rice,Dinner,320,20,8,30,14,"Pulse cauliflower into rice-sized pieces. Stir-fry with eggs, edamame, soy sauce, ginger, garlic, green onions."
Chicken Souvlaki with Tzatziki,Dinner,410,42,4,28,16,"Marinate chicken in lemon, olive oil, oregano, garlic. Thread on skewers, grill. Serve with warm pita and tzatziki sauce."
Baked Cod with Lemon Caper Sauce,Dinner,310,36,3,18,10,"Bake cod at 400F for 15 min. Top with a sauce of butter, capers, lemon juice, garlic, and parsley. Serve with roasted asparagus."
Mushroom Risotto,Dinner,410,16,5,58,14,"Toast arborio rice. Add warm broth ladle by ladle, stirring. Fold in sautéed mushrooms, parmesan, butter, and thyme."
Ground Turkey Bolognese,Dinner,430,36,6,44,14,"Brown ground turkey with onion, garlic, carrot. Add crushed tomatoes, red wine, herbs. Simmer 30 min. Serve over whole-grain pasta."
Seared Scallops with Pea Puree,Dinner,360,34,8,22,14,"Dry-pat scallops, sear 2 min per side in butter. Serve over a smooth pea puree with lemon zest and microgreens."
Chicken and Vegetable Kebabs,Dinner,380,40,7,24,14,"Cube chicken breast. Alternate on skewers with bell pepper, zucchini, red onion. Brush with herb marinade and grill."
One-Pan Salmon and Greens,Dinner,400,38,8,22,20,"Sear salmon in oven-safe pan. Add kale, white beans, garlic, cherry tomatoes. Drizzle with white wine and bake 12 min."
Beef Fajitas,Dinner,460,38,8,42,18,Season lean flank steak with fajita spices. Grill and slice. Serve with sautéed peppers and onions in whole-wheat tortillas.
Lentil and Spinach Dal,Dinner,350,22,16,48,8,"Cook red lentils with garlic, ginger, and tomatoes. Add spinach and coconut milk. Season with turmeric, cumin, coriander."
Honey Garlic Chicken,Dinner,420,40,4,36,14,"Pan-sear chicken breasts. Add honey, garlic, soy sauce glaze. Finish in oven. Serve with steamed rice and broccoli."
Baked Rainbow Trout,Dinner,350,40,4,10,18,"Stuff trout cavity with lemon slices, dill, garlic. Brush with olive oil. Bake at 400F for 22 min. Serve with roasted potatoes."
Tofu Pad Thai,Dinner,440,24,6,58,14,"Soak rice noodles. Stir-fry with firm tofu, eggs, bean sprouts, green onion in tamarind-soy sauce. Top with crushed peanuts."
Chicken Shawarma Bowl,Dinner,450,42,6,40,16,"Marinate chicken in shawarma spices. Roast or grill. Slice over rice with tomato, cucumber, pickled onion, and garlic sauce."
Baked Turkey Meatloaf,Dinner,420,38,4,28,18,"Mix ground turkey with oats, egg, onion, Worcestershire sauce, ketchup. Bake at 375F for 50 min. Serve with mashed sweet potato."
Prawn Stir-Fry with Bok Choy,Dinner,360,32,6,28,14,"Stir-fry prawns in sesame oil with bok choy, mushrooms, ginger, garlic. Add oyster sauce and soy sauce. Serve with jasmine rice."
Grilled Swordfish with Mango Salsa,Dinner,380,42,5,24,14,"Season swordfish with olive oil, cumin, paprika. Grill 4 min per side. Top with fresh mango, red onion, cilantro salsa."
Roasted Chicken with Root Vegetables,Dinner,470,44,8,36,20,"Season whole chicken pieces with herbs. Roast with carrots, parsnips, turnips, and thyme at 400F for 40 min."
Chickpea Spinach Curry,Dinner,375,18,14,50,12,"Sauté onion, garlic, ginger. Add chickpeas, spinach, diced tomatoes, and coconut milk. Season with garam masala. Serve with naan."
Grilled Halibut with Olive Tapenade,Dinner,390,44,4,12,20,"Grill halibut 4 min per side. Top with olive, caper, and sun-dried tomato tapenade. Serve with roasted zucchini."
Teriyaki Chicken Bowls,Dinner,440,40,6,48,12,"Marinate chicken thighs in teriyaki. Bake and slice. Serve over steamed rice with edamame, shredded carrots, and sesame seeds."
Blackened Salmon with Corn Salad,Dinner,420,38,6,30,20,"Coat salmon with blackening spice. Sear 4 min per side. Serve with corn, tomato, avocado, and cilantro-lime salad."
Herb-Crusted Lamb Rack,Dinner,490,38,2,6,34,Press breadcrumb-herb crust onto lamb rack. Roast at 425F for 22 min for medium. Rest 5 min. Serve with mint jelly.
Spicy Beef Bulgogi,Dinner,460,40,4,36,20,Marinate thinly sliced beef in Korean gochujang sauce. Grill or pan-sear. Serve over rice with kimchi and green onion.
White Bean and Chicken Soup,Dinner,380,36,12,36,10,"Simmer chicken breast in broth with white beans, garlic, kale, rosemary. Shred chicken and stir. Serve with crusty bread."
Zucchini Lasagna,Dinner,380,30,8,32,18,"Slice zucchini lengthwise for noodles. Layer with ground turkey bolognese, ricotta, and mozzarella. Bake at 375F for 40 min."
Miso-Glazed Sea Bass,Dinner,370,38,3,22,14,"Whisk white miso, mirin, sake, sugar. Marinate sea bass 24 hrs. Broil 8-10 min until caramelized. Serve with steamed bok choy."
Chicken and Sweet Potato Curry,Dinner,445,38,8,46,14,"Simmer chicken, sweet potato, onion, garlic, and ginger in coconut curry sauce. Serve over jasmine rice with cilantro."
Stuffed Portobello Mushrooms,Dinner,345,22,8,28,18,"Fill large portobello caps with quinoa, feta, sun-dried tomatoes, spinach. Bake at 375F for 25 min. Drizzle with balsamic."
Garlic Rosemary Chicken,Dinner,410,42,4,16,22,Pound chicken to even thickness. Sear in garlic-rosemary-infused oil. Deglaze with white wine. Finish in oven at 400F for 10 min.
Shrimp and Avocado Grain Bowl,Dinner,425,32,10,42,18,"Pan-sear seasoned shrimp. Build over farro with avocado, roasted corn, black beans, and chipotle-lime dressing."
Spatchcock Herb Chicken,Dinner,460,46,4,10,28,Remove backbone and flatten chicken. Rub with herb butter. Roast at 425F for 35-40 min until golden and juicy.
Cod and Potato Fish Pie,Dinner,420,34,6,46,14,"Poach cod in milk. Mix with peas, parsley. Top with mashed potato. Bake at 375F for 25 min until golden brown."
Chicken Katsu with Slaw,Dinner,460,40,6,44,18,Bread chicken in panko. Bake until crispy. Slice and serve with shredded cabbage slaw and katsu sauce over steamed rice.
Pesto Chicken with Caprese,Dinner,430,44,5,22,22,"Coat chicken breast with pesto. Bake at 400F for 22 min. Serve with fresh caprese salad of mozzarella, tomato, basil, olive oil."
Coconut Lime Shrimp,Dinner,370,30,4,30,16,"Marinate shrimp in coconut milk, lime, garlic, ginger. Skewer and grill 2 min each side. Serve with coconut jasmine rice."
Lamb and Vegetable Tagine,Dinner,480,36,12,46,18,"Brown lamb shoulder. Cook slowly with apricots, chickpeas, ras el hanout, preserved lemon, olives. Serve with couscous."
Ginger Sesame Tofu,Dinner,350,22,6,36,16,"Press firm tofu and cube. Toss in ginger, sesame oil, soy sauce, rice vinegar. Bake at 400F for 25 min. Serve with stir-fried greens."
Chimichurri Steak,Dinner,460,44,3,6,28,"Grill lean flank steak to medium-rare. Rest and slice. Serve topped with chimichurri (parsley, garlic, olive oil, vinegar) and roasted potatoes."
Baked Lemon Herb Chicken,Dinner,395,44,4,14,20,"Marinate chicken in lemon, thyme, rosemary, garlic. Bake at 400F for 25 min. Serve with steamed broccoli and wild rice."
Thai Basil Chicken,Dinner,400,38,4,28,16,"Stir-fry ground chicken with garlic, chili, oyster sauce, fish sauce. Add holy basil at the end. Serve over steamed jasmine rice."
Black Bean Enchiladas,Dinner,410,20,14,54,14,"Fill whole-wheat tortillas with black beans, corn, cheese, salsa. Roll and place in baking dish. Top with enchilada sauce and cheese. Bake 20 min."
Fennel and Orange Salmon Tray Bake,Dinner,415,38,6,26,20,"Lay salmon over sliced fennel and orange rounds. Drizzle with olive oil, honey, chili flakes. Roast at 400F for 20 min."
Mushroom and Lentil Shepherds Pie,Dinner,385,22,14,50,10,"Cook lentils with mushrooms, onion, carrots, tomato paste, thyme. Top with mashed potato and bake at 375F for 25 min."
Grilled Swordfish with Chimichurri,Dinner,400,44,4,10,20,Brush swordfish steak with olive oil and grill 5 min per side. Serve with fresh chimichurri sauce and roasted cherry tomatoes.
Baked Falafel with Tahini,Dinner,390,18,14,54,14,"Blend chickpeas, herbs, onion, garlic, spices. Shape into balls. Bake at 400F for 25 min. Serve with tahini dip and tabbouleh."
Harissa Chicken Thighs,Dinner,440,40,5,28,20,"Coat chicken thighs with harissa paste. Roast at 425F for 35 min. Serve with couscous, roasted chickpeas, and yogurt drizzle."
Tuna Casserole,Dinner,400,32,5,42,14,"Mix canned tuna, whole-grain pasta, mushroom soup, peas, cheddar. Bake at 375F for 25 min until golden and bubbly."
Apple with Almond Butter,Snack,190,5,5,26,10,Slice 1 medium apple. Serve with 1 tbsp natural almond butter for dipping. Sprinkle with cinnamon if desired.
Greek Yogurt Dip with Veggies,Snack,130,14,4,12,3,"Mix 1/2 cup Greek yogurt with garlic powder, dill, and lemon juice. Serve with sliced cucumber, celery, and bell pepper."
Mixed Nuts and Dried Fruit,Snack,210,6,3,22,14,"Combine 1 oz mixed nuts (almonds, walnuts, cashews) with 1 tbsp dried cranberries and 5 dark chocolate chips."
Hard-Boiled Eggs,Snack,140,12,0,1,10,"Boil 2 eggs for 10 minutes. Cool in ice water. Peel and season with salt, pepper, and a dash of hot sauce."
Banana with Peanut Butter,Snack,200,7,4,28,8,Slice 1 medium banana. Serve with 1 tbsp natural peanut butter.
Cottage Cheese with Pineapple,Snack,150,18,2,16,2,Mix 3/4 cup low-fat cottage cheese with 1/2 cup fresh pineapple chunks.
Rice Cakes with Avocado,Snack,170,4,6,22,8,"Spread mashed avocado on 2 rice cakes. Season with salt, pepper, and lemon juice. Optionally top with chili flakes."
Edamame with Sea Salt,Snack,140,12,8,12,5,Steam 1 cup shelled edamame for 5 minutes. Sprinkle with flaky sea salt. Serve warm or cold.
Trail Mix,Snack,230,7,4,24,14,"Combine 1 oz almonds, 1 tbsp pumpkin seeds, 1 tbsp dried blueberries, and 5 dark chocolate chips."
Celery with Hummus,Snack,120,5,5,14,5,Dip 4 celery stalks in 3 tbsp classic hummus. Sprinkle with paprika and a drizzle of olive oil.
String Cheese and Apple Slices,Snack,155,8,3,20,5,Pair 1 light string cheese stick with 1 small sliced apple for a satisfying protein-and-fiber snack.
Kale Chips,Snack,110,4,3,12,6,"Tear kale into pieces. Toss with olive oil, salt, nutritional yeast. Bake at 300F for 15-20 min until crispy."
Mango Lassi,Snack,175,8,3,32,2,"Blend 1/2 cup diced mango, 1/2 cup plain yogurt, 1/4 cup milk, pinch of cardamom. Serve chilled."
Roasted Chickpeas,Snack,185,9,7,28,5,"Drain and dry chickpeas. Toss with olive oil, cumin, paprika, garlic powder. Roast at 400F for 30 min until crunchy."
Cheese and Whole-Grain Crackers,Snack,200,10,3,22,8,Serve 1 oz low-fat cheddar with 5 whole-grain crackers and a few sliced grapes.
Mango Turmeric Smoothie,Snack,180,10,4,32,3,"Blend 1/2 cup mango, 1/2 cup Greek yogurt, 1 tsp turmeric, a pinch of black pepper, and 1/2 cup orange juice."
Nut Butter and Celery,Snack,150,6,3,12,10,Fill 4 celery stalks with 1 tbsp almond or peanut butter and a sprinkle of raisins.
Frozen Yogurt Bark,Snack,145,12,3,18,4,Spread Greek yogurt on parchment. Top with berries and honey. Freeze 2 hours and break into pieces.
Seaweed Snack Pack,Snack,45,1,1,4,3,"Enjoy 1 pack of roasted seaweed snacks. Low-calorie, mineral-rich, and satisfying."
Sunflower Seed Clusters,Snack,200,6,3,22,12,"Mix sunflower seeds, oats, honey, and almond butter. Shape into clusters. Bake at 325F for 10 min."
Pear with Ricotta,Snack,175,9,5,26,4,"Slice 1 ripe pear. Top slices with 2 tbsp ricotta, a drizzle of honey, and crushed walnuts."
Cucumber Tomato Salad,Snack,80,3,3,14,2,"Slice cucumber and halve cherry tomatoes. Toss with red wine vinegar, olive oil, basil, salt, and pepper."
Dates Stuffed with Almond Butter,Snack,195,4,4,36,6,Pit 4 Medjool dates. Fill each with 1/2 tsp almond butter. Optionally sprinkle with flaky sea salt.
Spiced Pumpkin Seeds,Snack,160,9,2,8,12,"Toss 1 oz pumpkin seeds with olive oil, cumin, chili, and salt. Roast at 325F for 15 min."
Blueberry Yogurt Smoothie,Snack,190,14,4,28,3,"Blend 1/2 cup blueberries, 3/4 cup plain yogurt, 1 tsp honey, and 1/4 cup milk until smooth."
Homemade Granola Bar,Snack,220,7,4,30,9,"Mix oats, honey, almonds, pumpkin seeds, dried cranberries, and a pinch of salt. Press into pan and bake 20 min at 325F."
Caprese Skewers,Snack,160,9,2,6,12,"Thread cherry tomatoes, mini mozzarella balls, and fresh basil on toothpicks. Drizzle with olive oil and balsamic glaze."
Avocado Chocolate Mousse,Snack,210,4,8,22,14,"Blend 1 ripe avocado, 2 tbsp cocoa powder, 3 tbsp maple syrup, 1/4 cup almond milk, and pinch of salt until smooth."
Zucchini Hummus,Snack,115,5,4,12,6,"Blend 1 medium zucchini, 2 tbsp tahini, garlic, lemon juice, olive oil, salt. Serve with veggie sticks."
Protein Energy Bites,Snack,195,9,5,26,8,"Mix oats, peanut butter, protein powder, honey, and chocolate chips. Roll into balls. Refrigerate 30 min."
Watermelon Feta Skewers,Snack,105,5,1,16,3,Cube watermelon and crumble feta on top. Thread on toothpicks and finish with a mint leaf.
Cashew Yogurt Dip,Snack,175,8,2,18,10,"Blend soaked cashews with lemon, garlic, herbs, and water to smooth consistency. Serve with sliced veggies or crackers."
Beetroot Hummus with Veggies,Snack,130,6,5,16,5,"Blend cooked beetroot, chickpeas, tahini, lemon, garlic. Serve with carrot sticks, cucumber, and celery."
Cinnamon Almond Clusters,Snack,200,6,3,24,11,"Toss almonds in egg white, honey, cinnamon, and vanilla. Bake at 300F for 20 min, stirring halfway."
Tropical Fruit Salad,Snack,95,2,4,24,1,"Combine diced mango, pineapple, papaya, kiwi, and a squeeze of lime juice. Top with shredded coconut."
Cheese Quesadilla Slice,Snack,210,10,3,24,10,"Fill small whole-wheat tortilla with 1 oz shredded cheese, black beans, and salsa. Warm in pan and cut into wedges."
Chocolate Banana Bites,Snack,185,4,4,30,7,Slice 1 banana. Dip each piece in melted dark chocolate. Freeze 30 min on parchment until set.
Popcorn with Nutritional Yeast,Snack,130,5,4,22,3,"Air-pop 3 cups popcorn. Toss with 2 tbsp nutritional yeast, olive oil spray, garlic powder, and salt."
Smoked Salmon Cucumber Bites,Snack,130,13,1,4,7,"Top cucumber rounds with 1/2 oz smoked salmon, cream cheese, and a caper. Garnish with dill."
Black Bean Dip with Corn Chips,Snack,200,9,8,30,6,"Blend black beans, garlic, lime, cumin, cilantro. Serve with 1 oz baked corn chips."
Almond Joy Smoothie,Snack,215,10,5,28,9,"Blend 1 tbsp almond butter, 1 tbsp cocoa, 1 frozen banana, 1 cup almond milk, and shredded coconut."
Tzatziki with Pita Triangles,Snack,175,9,3,22,5,Serve 3 tbsp tzatziki with 1 small whole-wheat pita cut into triangles. Garnish with paprika.
Chickpea Popcorn,Snack,165,8,6,24,5,"Drain chickpeas, dry well. Toss in olive oil, popcorn salt, garlic powder. Roast at 425F for 25-30 min."
Mini Turkey Lettuce Wraps,Snack,150,16,3,8,6,"Fill 3 large butter lettuce leaves with sliced deli turkey, avocado slices, and a drizzle of honey mustard."
Carrot and Ginger Juice,Snack,95,2,4,22,1,"Juice 3 carrots with a knob of fresh ginger, 1 apple, and lemon juice. Stir and serve over ice."
Nut-Free Energy Balls,Snack,170,6,4,26,6,"Mix oats, sunflower butter, honey, raisins, and chia seeds. Roll into balls. Refrigerate until firm."
Cheese and Grape Snack Plate,Snack,185,9,2,22,7,"Arrange 1 oz sharp cheddar cubes, 1/2 cup red grapes, and 3 whole-grain crackers on a small plate."
Spiced Roasted Edamame,Snack,150,12,8,14,5,"Toss edamame in olive oil, sriracha, garlic, and sea salt. Roast at 400F for 15 min."
Honeydew Green Smoothie,Snack,165,10,5,28,3,"Blend 1 cup honeydew, 1/2 cup spinach, 1/2 cup Greek yogurt, a squeeze of lime, and ice."
Almond Stuffed Dates,Snack,205,4,4,38,6,Pit 5 Medjool dates and stuff each with a whole roasted almond. Optionally drizzle with dark chocolate.
Sesame Seaweed Crisps,Snack,95,3,2,8,5,Brush nori sheets with sesame oil. Sprinkle with sea salt and sesame seeds. Bake at 300F for 10 min. Break into crisps.
Greek Yogurt and Granola Cup,Snack,195,16,4,26,5,"Layer 3/4 cup plain Greek yogurt, 2 tbsp low-sugar granola, and 1 tbsp mixed seeds in a cup."
Spicy Tuna Rice Cake,Snack,165,15,2,18,4,"Mix 1.5 oz tuna with sriracha, light mayo. Spread on 2 plain rice cakes. Top with sliced green onion."
Pineapple Cottage Cheese Bowl,Snack,155,18,2,16,2,Combine 3/4 cup cottage cheese with 1/2 cup fresh pineapple chunks and a sprinkle of cinnamon.
No-Bake Oat Bars,Snack,210,7,4,30,9,"Mix 1 cup oats, 3 tbsp honey, 2 tbsp almond butter, 1 tbsp each chocolate chips and dried cranberries. Press into pan. Chill 1 hour."
Mango Avocado Salsa,Snack,130,3,6,24,5,"Dice 1/2 mango and 1/2 avocado. Mix with red onion, cilantro, lime juice, and jalapeno. Serve with baked tortilla chips."
Cold Brew Protein Shake,Snack,170,20,2,16,3,"Blend 3/4 cup cold brew concentrate, 1 scoop protein powder, 1/2 cup almond milk, and ice. Sweeten with 1 tsp maple syrup."
Pistachio and Cranberry Bites,Snack,195,6,3,26,9,"Mix 2 tbsp pistachios, 1 tbsp dried cranberries, 1 tbsp dark chocolate chips. Bind with 1 tsp honey."
Sweet Potato Toast with Almond Butter,Snack,185,5,5,32,5,Slice sweet potato lengthwise and toast until tender. Top with 1 tbsp almond butter and sliced banana.
Soy-Glazed Edamame,Snack,155,13,8,15,5,"Boil edamame. Toss with reduced-sodium soy sauce, sesame oil, and a pinch of red pepper flakes."
Beetroot and Walnut Bites,Snack,165,5,4,20,8,"Grate 1 cooked beet. Mix with 1 tbsp walnuts, 1 tsp olive oil, lemon juice, and fresh parsley."
Chocolate Hummus with Fruit,Snack,175,7,6,26,6,"Blend chickpeas, cocoa, honey, vanilla, almond milk, and almond butter. Serve with strawberries and apple slices for dipping."
Turkey Roll-Ups,Snack,145,14,2,8,6,Spread 1 tbsp cream cheese on 3 slices deli turkey. Roll up with a slice of cucumber and a few spinach leaves.
Seed and Nut Brittle,Snack,200,6,3,22,12,"Combine sunflower seeds, pumpkin seeds, almonds, honey. Spread on parchment. Bake at 325F for 15 min. Cool and break into pieces."
Dark Chocolate Almond Bites,Snack,180,5,4,22,10,Melt 2 oz dark chocolate. Stir in 2 tbsp chopped almonds and 1 tbsp oats. Drop spoonfuls onto parchment. Sprinkle with flaky sea salt. Refrigerate until set.
